INSERT INTO public."user" (id,name,email,password,created_at) VALUES (1, 'Christine_Reichert91688', 'Ludwig_Boehm74342@negligible-trigonometry.name', 'v2xI3*Vvu76^Cu', DEFAULT),
(2, 'coordinated-dawn31443', 'Carlee.Sporer57203@encroach-boulevard.net', 'ZU[jZ6[zaBr{pO', DEFAULT),
(3, 'virtuous-bracelet20762', 'Christelle_Russel37398@symptomize-chop.com', '3JFxcOlXQf&7', DEFAULT),
(4, 'potable_revascularisation74696', 'Annamarie.Thompson97260@ignorantretrospectivity.org', '{BnotFz@otqopY', DEFAULT),
(5, 'Belle.Crist56287', 'Vivianne_Mann66899@latedoughnut.name', 'mn6a$j4F%SiD', DEFAULT);
INSERT INTO public.todo (id,text,completed,created_at,created_by_id) VALUES (1, 'Primum posse delecto manus dici vitae, iam facere ipsa doloria inum.', DEFAULT, DEFAULT, 4),
(2, 'Non industria etiam sole contum et vos, et maximus voluptatis inimus ano.', DEFAULT, DEFAULT, 2),
(3, 'Studium tam ermiseret mune quibus se censes rationest.', DEFAULT, DEFAULT, 1),
(4, 'Modo incidere epicurrer de dissidendar eret enimi.', DEFAULT, DEFAULT, 3),
(5, 'Am detractio sapientera sic apsa ea arum, vincerte gauderata nutu maximi aliquid in dem.', DEFAULT, DEFAULT, 5),
(6, 'Gloriae maxim hoc gloriosum ab sapienum dolora, tribus laetitatem ut videm suscipitus sed.', DEFAULT, DEFAULT, 5),
(7, 'Autem ob iudicare nihiliquam quid motum alis, tur eratem non civium et dicitargum.', DEFAULT, DEFAULT, 3),
(8, 'Docti puerilit dolorum enderepic fuisse id extremo id.', DEFAULT, DEFAULT, 5),
(9, 'Vidis minime perdissermon labores in delecta, quod ear haec video si quisquisquam.', DEFAULT, DEFAULT, 5),
(10, 'Tu profecta est tibus ad, et soleat est progredeamus es poenis mihi.', DEFAULT, DEFAULT, 4),
(11, 'Multa est quod flagitatur accusatem nasci am cernandum, quidem latum cyrenaicis ant sint non nisi aetatque.', DEFAULT, DEFAULT, 1),
(12, 'Eius tam fere ari alii es mirer, doloribus cum si atibus discorpore.', DEFAULT, DEFAULT, 2),
(13, 'Viverea voluptate eaque dolordation consuetudo, status vituptatis nec solum quantum rem perpetenim malum.', DEFAULT, DEFAULT, 5),
(14, 'Vestigantiq naturo his effuga ficitaque autem, ultimo modo parendus declina efficiliae sine.', DEFAULT, DEFAULT, 4),
(15, 'Quid in poetis facerigit a non platonem quos, ocensa hinc ea omnem esse nec et voluptatem.', DEFAULT, DEFAULT, 3),
(16, 'Quem dicam praesenimum afferrent si sic, conceditem confortunae esse postulitat concedundum voluptatem motus et.', DEFAULT, DEFAULT, 4),
(17, 'Causa se tuentur vare ter, et quis videm amus operitat qui potit.', DEFAULT, DEFAULT, 4),
(18, 'Quidem torum ea aliquo extremo.', DEFAULT, DEFAULT, 3),
(19, 'Modum sapiendum regione maximbutus quae per time, gloriosum laborare enim de orios vetuit.', DEFAULT, DEFAULT, 2),
(20, 'Ant metum quae in eximosop bonornatur esse dicere, natum voluptatum plurim democritum ea sophoc dolor nihilla.', DEFAULT, DEFAULT, 1),
(21, 'Quod et exquirendi quo quosque.', DEFAULT, DEFAULT, 2),
(22, 'Sapientiamque alis facillum et sint admodum mollitter.', DEFAULT, DEFAULT, 3),
(23, 'Malis romanimis studio neque infana.', DEFAULT, DEFAULT, 1),
(24, 'Nos si quaedamicar alit multos eloquentium beateque praeseratio, utunum ex hoc voluptatem ab viditiam optari.', DEFAULT, DEFAULT, 1),
(25, 'Captiosa sic privavista quae interum hoc, id quae eitam ant censet pariunt in epicuro.', DEFAULT, DEFAULT, 4),
(26, 'Nos et cant degenimum duci.', DEFAULT, DEFAULT, 3),
(27, 'Es fortitudin summum cum relin est, et mnesaris et eas quos litter sunt.', DEFAULT, DEFAULT, 3),
(28, 'Inmortempus ati recoressar iudicis seruereret.', DEFAULT, DEFAULT, 5),
(29, 'Interas a esse omnisi finiteret.', DEFAULT, DEFAULT, 2),
(30, 'Maleduntat sit dolores perdisputar operanim non se possit, satiabilit claudicur vertervalla quid potestias et contra.', DEFAULT, DEFAULT, 5),
(31, 'Pertur minustus quod illum ab iucuniae.', DEFAULT, DEFAULT, 2),
(32, 'Litat se satis potest nihilis sed.', DEFAULT, DEFAULT, 1),
(33, 'Iditia non id expeten reret tota tibusus qui, a discipio te versuum delectitud.', DEFAULT, DEFAULT, 2),
(34, 'Vita placet philosophia depultimar plane lucilloquer, amicia volupere intellegim ergo si.', DEFAULT, DEFAULT, 5),
(35, 'Tua numquam inum spe laetitatur dissensibus vos, faceritaq neglegesse afferre conscientia diligi te.', DEFAULT, DEFAULT, 2),
(36, 'Quam ut etiam videtiam consentias amicur.', DEFAULT, DEFAULT, 2),
(37, 'Dolorum sed ipsi incur esse.', DEFAULT, DEFAULT, 1),
(38, 'Exisque liberatque quo quia infana.', DEFAULT, DEFAULT, 4),
(39, 'Eo dicatest anim rebusanim ut voluptatis cupio.', DEFAULT, DEFAULT, 2),
(40, 'De ulere dolorum voluptatis sicinquit.', DEFAULT, DEFAULT, 3),
(41, 'Causae et propter leniat eo rebusangus non.', DEFAULT, DEFAULT, 1),
(42, 'Meis ut scientiamque esse qui ac ete, sine tantamen nullae vos gravis per iudicitur pensa.', DEFAULT, DEFAULT, 4),
(43, 'Solutilit non dedit tantum a in audiam, nec ut averantip non aliquo quae veriterit firmam.', DEFAULT, DEFAULT, 2),
(44, 'Quid interistun maiorest cum quibus atem, triarius ea eranim fortunt quae magis.', DEFAULT, DEFAULT, 1),
(45, 'Nostris pensa nec autem pectant fuisse.', DEFAULT, DEFAULT, 1),
(46, 'Ant probabo vitambigua fere adipsi quae tam caderet.', DEFAULT, DEFAULT, 2),
(47, 'Constantia neque est iamsi mundus, memorate dis recte delicur nec.', DEFAULT, DEFAULT, 4),
(48, 'Quod beatequos cum sedita fieri duo potes.', DEFAULT, DEFAULT, 1),
(49, 'Moda ter propterrorib non iudexis oderet mone ute.', DEFAULT, DEFAULT, 4),
(50, 'Quo a enta continis quidem naturus beatus.', DEFAULT, DEFAULT, 5),
(51, 'Necest et cum iudicur as dicitates sensu.', DEFAULT, DEFAULT, 2),
(52, 'Intellegen vertatest certe gloriosis acceditiam principio, me ruant ab esse primum ponderignor et.', DEFAULT, DEFAULT, 3),
(53, 'Est fabulla inest erinquit certe, dolore refernatur sic tranquillitter it.', DEFAULT, DEFAULT, 5),
(54, 'Atomnem quo quarum maxim ob quae ut omnia.', DEFAULT, DEFAULT, 5),
(55, 'Nostrum alia autem aut aretiam et utinfert dem, triarius ei deterire in omos dolent hosti.', DEFAULT, DEFAULT, 3),
(56, 'Fuerit verumque minus severatur non quae et illimis.', DEFAULT, DEFAULT, 1),
(57, 'Ne causam ut non incur placeat.', DEFAULT, DEFAULT, 4),
(58, 'Morbis tale illam essariae de omni nobis, tamenim est consequerin ant es vivere alit victi.', DEFAULT, DEFAULT, 2),
(59, 'Non tamendum sunt exquirenim sit meque se ant.', DEFAULT, DEFAULT, 4),
(60, 'Vitae ignotione se a ad, alias in suam finibus es.', DEFAULT, DEFAULT, 2),
(61, 'Parate cursionis quod dicant nulla excelsustul.', DEFAULT, DEFAULT, 1),
(62, 'Ent legam curistra cum ea ere, unt tanta ne sed concludat.', DEFAULT, DEFAULT, 3),
(63, 'Nec integre im nis videt anim si sunt, dicant quid manendi ati vire inittenta.', DEFAULT, DEFAULT, 5),
(64, 'Autem virtutes sed desere quod, affectrices cum accomplectit inum ei rationum.', DEFAULT, DEFAULT, 1),
(65, 'Copios graecista ura vidis aut cupid.', DEFAULT, DEFAULT, 4),
(66, 'Seiungi maxim ano adiuvarmat et eorum infinito essentenda.', DEFAULT, DEFAULT, 1),
(67, 'Etent em littera bono vetuitatis sed, sed haeret orattentiae ab maximiscun quod et.', DEFAULT, DEFAULT, 1),
(68, 'Filio evendum maluisti ex voluptatem semperpetum are sequeret, maiorest consecuntur et omnium et primos et contentia.', DEFAULT, DEFAULT, 5),
(69, 'Bonoristim imosopin quippe aptis non a.', DEFAULT, DEFAULT, 2),
(70, 'Legimi firmittatem esset omnium sunt mentitudin ad feramicur, natur endissenten id tradidinstruc sensio et.', DEFAULT, DEFAULT, 5),
(71, 'Aut nimium adhibendum idere quae entibi etud.', DEFAULT, DEFAULT, 5),
(72, 'Pertinerea quidem de curios numquam a, voluptatem fieri am cum quid ad potest dissententiae.', DEFAULT, DEFAULT, 5),
(73, 'Diciti anim ingenus idque molescentur praeseristim cum, desid at cogituri placuitatis tam praeclaror et enim.', DEFAULT, DEFAULT, 5),
(74, 'Videaturban possunt novum perspici autem non.', DEFAULT, DEFAULT, 1),
(75, 'Verbum in instituantur quid voluptatib iucuntur mihi est, lucil ea solum gerent qua fortunt per inquamvis.', DEFAULT, DEFAULT, 4),
(76, 'Eum enimus de locum diutur torquenturbam.', DEFAULT, DEFAULT, 2),
(77, 'Sit natur acia non nihillius operia tant, repereram ut aliquaque inum solum.', DEFAULT, DEFAULT, 2),
(78, 'A estiae ilitassid is est.', DEFAULT, DEFAULT, 4),
(79, 'Erea facera nec futur inmente de modo fortunae.', DEFAULT, DEFAULT, 3),
(80, 'Quam clarorisque imo quos odioque theophrastus.', DEFAULT, DEFAULT, 1),
(81, 'Mediocris quae se consule vitae quoniam.', DEFAULT, DEFAULT, 4),
(82, 'Caderattul quo plane quarum distinerud est dolemusab vita.', DEFAULT, DEFAULT, 3),
(83, 'Potest affecerri perant geniisque finitia nostra quae nondum.', DEFAULT, DEFAULT, 4),
(84, 'Modo beatae autem possit quae, is vituptas efficeren vulgo et eum.', DEFAULT, DEFAULT, 2),
(85, 'Voluptate sibus si pars ut exullustrior sed, vacuit non legem significur in quid pariatur.', DEFAULT, DEFAULT, 2),
(86, 'Non quid sumus quidem vertatem non panaetatus.', DEFAULT, DEFAULT, 1),
(87, 'Us metus contra morte ne vocan.', DEFAULT, DEFAULT, 3),
(88, 'Satis fastidium finxeratem nimus inas nihilius, im exigitat atis eum faciente nostri meam in.', DEFAULT, DEFAULT, 4),
(89, 'Dissententia cum esse laudantium serentera.', DEFAULT, DEFAULT, 1),
(90, 'Rerum efficitat audire et rerum ea aris, andis litter quas eidola in eius.', DEFAULT, DEFAULT, 2),
(91, 'Causa non molesse perciplina non quicquid sunt, opere quod rerum atomni inter igi provocritum ea.', DEFAULT, DEFAULT, 5),
(92, 'Igitia commemorum aequi ore eosdem ut virtutem.', DEFAULT, DEFAULT, 3),
(93, 'Inum nullae eadem ius quod inassuever quid.', DEFAULT, DEFAULT, 2),
(94, 'Ertimorum nostris non voluptas quem hoc.', DEFAULT, DEFAULT, 5),
(95, 'Tollunt quisquam is iucunt nam civium, menanes mortis videantur intus magnisi sunt cupid voluptatem.', DEFAULT, DEFAULT, 2),
(96, 'Autem tibique ab multi intuemur ex ipsa paene, omnium natur cum ea ter autem.', DEFAULT, DEFAULT, 1),
(97, 'Voluptate proptera significul melius dicentes acunt quisitat quam, e vituptatem tentiam iucunt rebus sola ut unt.', DEFAULT, DEFAULT, 2),
(98, 'Non falso quam quorum epicitaq in maximus.', DEFAULT, DEFAULT, 4),
(99, 'Temer iudican posse retinitur beatus bene, ipsa aut propteras plurimus quibus et sicine.', DEFAULT, DEFAULT, 1),
(100, 'Leguna interveniam quoniam persequatur degentinax.', DEFAULT, DEFAULT, 4);
INSERT INTO public.vote (id,todo_id,value,created_at,created_by_id) VALUES (1, 1, 'DOWNVOTE', DEFAULT, 4),
(2, 1, 'DOWNVOTE', DEFAULT, 3),
(3, 1, 'UPVOTE', DEFAULT, 2),
(4, 1, 'DOWNVOTE', DEFAULT, 3),
(5, 1, 'DOWNVOTE', DEFAULT, 5),
(6, 1, 'UPVOTE', DEFAULT, 5),
(7, 1, 'DOWNVOTE', DEFAULT, 3),
(8, 1, 'UPVOTE', DEFAULT, 1),
(9, 1, 'DOWNVOTE', DEFAULT, 4),
(10, 1, 'UPVOTE', DEFAULT, 3),
(11, 1, 'UPVOTE', DEFAULT, 3),
(12, 1, 'UPVOTE', DEFAULT, 2),
(13, 1, 'UPVOTE', DEFAULT, 4),
(14, 1, 'DOWNVOTE', DEFAULT, 2),
(15, 1, 'DOWNVOTE', DEFAULT, 1),
(16, 1, 'UPVOTE', DEFAULT, 3),
(17, 1, 'UPVOTE', DEFAULT, 4),
(18, 1, 'DOWNVOTE', DEFAULT, 5),
(19, 1, 'DOWNVOTE', DEFAULT, 2),
(20, 1, 'DOWNVOTE', DEFAULT, 5),
(21, 2, 'UPVOTE', DEFAULT, 5),
(22, 2, 'UPVOTE', DEFAULT, 3),
(23, 2, 'DOWNVOTE', DEFAULT, 5),
(24, 2, 'UPVOTE', DEFAULT, 1),
(25, 2, 'DOWNVOTE', DEFAULT, 5),
(26, 2, 'UPVOTE', DEFAULT, 1),
(27, 2, 'DOWNVOTE', DEFAULT, 5),
(28, 2, 'UPVOTE', DEFAULT, 5),
(29, 2, 'UPVOTE', DEFAULT, 4),
(30, 2, 'UPVOTE', DEFAULT, 4),
(31, 2, 'UPVOTE', DEFAULT, 3),
(32, 2, 'DOWNVOTE', DEFAULT, 3),
(33, 2, 'UPVOTE', DEFAULT, 2),
(34, 2, 'DOWNVOTE', DEFAULT, 4),
(35, 2, 'DOWNVOTE', DEFAULT, 2),
(36, 2, 'DOWNVOTE', DEFAULT, 3),
(37, 2, 'UPVOTE', DEFAULT, 3),
(38, 2, 'DOWNVOTE', DEFAULT, 3),
(39, 2, 'UPVOTE', DEFAULT, 2),
(40, 2, 'DOWNVOTE', DEFAULT, 5),
(41, 3, 'UPVOTE', DEFAULT, 5),
(42, 3, 'UPVOTE', DEFAULT, 5),
(43, 3, 'DOWNVOTE', DEFAULT, 4),
(44, 3, 'DOWNVOTE', DEFAULT, 1),
(45, 3, 'UPVOTE', DEFAULT, 4),
(46, 3, 'DOWNVOTE', DEFAULT, 4),
(47, 3, 'UPVOTE', DEFAULT, 2),
(48, 3, 'UPVOTE', DEFAULT, 1),
(49, 3, 'DOWNVOTE', DEFAULT, 2),
(50, 3, 'UPVOTE', DEFAULT, 3),
(51, 3, 'DOWNVOTE', DEFAULT, 1),
(52, 3, 'DOWNVOTE', DEFAULT, 4),
(53, 3, 'DOWNVOTE', DEFAULT, 1),
(54, 3, 'DOWNVOTE', DEFAULT, 3),
(55, 3, 'DOWNVOTE', DEFAULT, 2),
(56, 3, 'DOWNVOTE', DEFAULT, 1),
(57, 3, 'UPVOTE', DEFAULT, 3),
(58, 3, 'DOWNVOTE', DEFAULT, 5),
(59, 3, 'DOWNVOTE', DEFAULT, 3),
(60, 3, 'DOWNVOTE', DEFAULT, 3),
(61, 4, 'UPVOTE', DEFAULT, 2),
(62, 4, 'DOWNVOTE', DEFAULT, 5),
(63, 4, 'UPVOTE', DEFAULT, 2),
(64, 4, 'UPVOTE', DEFAULT, 3),
(65, 4, 'DOWNVOTE', DEFAULT, 4),
(66, 4, 'UPVOTE', DEFAULT, 2),
(67, 4, 'UPVOTE', DEFAULT, 1),
(68, 4, 'UPVOTE', DEFAULT, 5),
(69, 4, 'UPVOTE', DEFAULT, 2),
(70, 4, 'DOWNVOTE', DEFAULT, 3),
(71, 4, 'UPVOTE', DEFAULT, 1),
(72, 4, 'DOWNVOTE', DEFAULT, 5),
(73, 4, 'DOWNVOTE', DEFAULT, 1),
(74, 4, 'DOWNVOTE', DEFAULT, 2),
(75, 4, 'DOWNVOTE', DEFAULT, 4),
(76, 4, 'DOWNVOTE', DEFAULT, 2),
(77, 4, 'UPVOTE', DEFAULT, 4),
(78, 4, 'DOWNVOTE', DEFAULT, 4),
(79, 4, 'DOWNVOTE', DEFAULT, 5),
(80, 4, 'DOWNVOTE', DEFAULT, 1),
(81, 5, 'UPVOTE', DEFAULT, 3),
(82, 5, 'UPVOTE', DEFAULT, 5),
(83, 5, 'UPVOTE', DEFAULT, 2),
(84, 5, 'DOWNVOTE', DEFAULT, 5),
(85, 5, 'DOWNVOTE', DEFAULT, 3),
(86, 5, 'DOWNVOTE', DEFAULT, 2),
(87, 5, 'DOWNVOTE', DEFAULT, 4),
(88, 5, 'DOWNVOTE', DEFAULT, 1),
(89, 5, 'DOWNVOTE', DEFAULT, 1),
(90, 5, 'UPVOTE', DEFAULT, 2),
(91, 5, 'DOWNVOTE', DEFAULT, 5),
(92, 5, 'UPVOTE', DEFAULT, 4),
(93, 5, 'UPVOTE', DEFAULT, 4),
(94, 5, 'DOWNVOTE', DEFAULT, 1),
(95, 5, 'DOWNVOTE', DEFAULT, 1),
(96, 5, 'UPVOTE', DEFAULT, 4),
(97, 5, 'DOWNVOTE', DEFAULT, 2),
(98, 5, 'UPVOTE', DEFAULT, 4),
(99, 5, 'UPVOTE', DEFAULT, 5),
(100, 5, 'DOWNVOTE', DEFAULT, 3),
(101, 6, 'UPVOTE', DEFAULT, 2),
(102, 6, 'UPVOTE', DEFAULT, 1),
(103, 6, 'DOWNVOTE', DEFAULT, 2),
(104, 6, 'DOWNVOTE', DEFAULT, 2),
(105, 6, 'UPVOTE', DEFAULT, 5),
(106, 6, 'UPVOTE', DEFAULT, 5),
(107, 6, 'UPVOTE', DEFAULT, 1),
(108, 6, 'DOWNVOTE', DEFAULT, 1),
(109, 6, 'DOWNVOTE', DEFAULT, 1),
(110, 6, 'UPVOTE', DEFAULT, 3),
(111, 6, 'UPVOTE', DEFAULT, 5),
(112, 6, 'DOWNVOTE', DEFAULT, 1),
(113, 6, 'DOWNVOTE', DEFAULT, 5),
(114, 6, 'DOWNVOTE', DEFAULT, 1),
(115, 6, 'DOWNVOTE', DEFAULT, 5),
(116, 6, 'DOWNVOTE', DEFAULT, 3),
(117, 6, 'DOWNVOTE', DEFAULT, 4),
(118, 6, 'UPVOTE', DEFAULT, 4),
(119, 6, 'DOWNVOTE', DEFAULT, 5),
(120, 6, 'DOWNVOTE', DEFAULT, 1),
(121, 7, 'DOWNVOTE', DEFAULT, 5),
(122, 7, 'UPVOTE', DEFAULT, 3),
(123, 7, 'UPVOTE', DEFAULT, 5),
(124, 7, 'UPVOTE', DEFAULT, 5),
(125, 7, 'DOWNVOTE', DEFAULT, 5),
(126, 7, 'UPVOTE', DEFAULT, 3),
(127, 7, 'DOWNVOTE', DEFAULT, 5),
(128, 7, 'DOWNVOTE', DEFAULT, 3),
(129, 7, 'DOWNVOTE', DEFAULT, 4),
(130, 7, 'UPVOTE', DEFAULT, 3),
(131, 7, 'DOWNVOTE', DEFAULT, 1),
(132, 7, 'DOWNVOTE', DEFAULT, 3),
(133, 7, 'UPVOTE', DEFAULT, 1),
(134, 7, 'DOWNVOTE', DEFAULT, 2),
(135, 7, 'DOWNVOTE', DEFAULT, 4),
(136, 7, 'UPVOTE', DEFAULT, 1),
(137, 7, 'DOWNVOTE', DEFAULT, 1),
(138, 7, 'UPVOTE', DEFAULT, 1),
(139, 7, 'DOWNVOTE', DEFAULT, 1),
(140, 7, 'DOWNVOTE', DEFAULT, 1),
(141, 8, 'UPVOTE', DEFAULT, 1),
(142, 8, 'DOWNVOTE', DEFAULT, 2),
(143, 8, 'DOWNVOTE', DEFAULT, 1),
(144, 8, 'DOWNVOTE', DEFAULT, 2),
(145, 8, 'UPVOTE', DEFAULT, 5),
(146, 8, 'UPVOTE', DEFAULT, 3),
(147, 8, 'UPVOTE', DEFAULT, 2),
(148, 8, 'UPVOTE', DEFAULT, 1),
(149, 8, 'DOWNVOTE', DEFAULT, 4),
(150, 8, 'DOWNVOTE', DEFAULT, 2),
(151, 8, 'UPVOTE', DEFAULT, 3),
(152, 8, 'DOWNVOTE', DEFAULT, 3),
(153, 8, 'DOWNVOTE', DEFAULT, 5),
(154, 8, 'DOWNVOTE', DEFAULT, 2),
(155, 8, 'UPVOTE', DEFAULT, 5),
(156, 8, 'UPVOTE', DEFAULT, 2),
(157, 8, 'UPVOTE', DEFAULT, 4),
(158, 8, 'UPVOTE', DEFAULT, 4),
(159, 8, 'DOWNVOTE', DEFAULT, 2),
(160, 8, 'UPVOTE', DEFAULT, 4),
(161, 9, 'DOWNVOTE', DEFAULT, 5),
(162, 9, 'DOWNVOTE', DEFAULT, 2),
(163, 9, 'DOWNVOTE', DEFAULT, 1),
(164, 9, 'DOWNVOTE', DEFAULT, 1),
(165, 9, 'UPVOTE', DEFAULT, 4),
(166, 9, 'UPVOTE', DEFAULT, 1),
(167, 9, 'DOWNVOTE', DEFAULT, 3),
(168, 9, 'DOWNVOTE', DEFAULT, 1),
(169, 9, 'UPVOTE', DEFAULT, 2),
(170, 9, 'UPVOTE', DEFAULT, 3),
(171, 9, 'DOWNVOTE', DEFAULT, 5),
(172, 9, 'UPVOTE', DEFAULT, 4),
(173, 9, 'DOWNVOTE', DEFAULT, 5),
(174, 9, 'DOWNVOTE', DEFAULT, 1),
(175, 9, 'UPVOTE', DEFAULT, 3),
(176, 9, 'DOWNVOTE', DEFAULT, 1),
(177, 9, 'DOWNVOTE', DEFAULT, 5),
(178, 9, 'UPVOTE', DEFAULT, 4),
(179, 9, 'DOWNVOTE', DEFAULT, 5),
(180, 9, 'DOWNVOTE', DEFAULT, 2),
(181, 10, 'UPVOTE', DEFAULT, 1),
(182, 10, 'UPVOTE', DEFAULT, 1),
(183, 10, 'UPVOTE', DEFAULT, 3),
(184, 10, 'DOWNVOTE', DEFAULT, 5),
(185, 10, 'DOWNVOTE', DEFAULT, 4),
(186, 10, 'DOWNVOTE', DEFAULT, 2),
(187, 10, 'UPVOTE', DEFAULT, 2),
(188, 10, 'UPVOTE', DEFAULT, 4),
(189, 10, 'UPVOTE', DEFAULT, 1),
(190, 10, 'DOWNVOTE', DEFAULT, 1),
(191, 10, 'UPVOTE', DEFAULT, 1),
(192, 10, 'UPVOTE', DEFAULT, 2),
(193, 10, 'UPVOTE', DEFAULT, 2),
(194, 10, 'DOWNVOTE', DEFAULT, 5),
(195, 10, 'DOWNVOTE', DEFAULT, 3),
(196, 10, 'DOWNVOTE', DEFAULT, 3),
(197, 10, 'UPVOTE', DEFAULT, 3),
(198, 10, 'DOWNVOTE', DEFAULT, 2),
(199, 10, 'UPVOTE', DEFAULT, 1),
(200, 10, 'UPVOTE', DEFAULT, 2),
(201, 11, 'UPVOTE', DEFAULT, 1),
(202, 11, 'DOWNVOTE', DEFAULT, 1),
(203, 11, 'DOWNVOTE', DEFAULT, 1),
(204, 11, 'DOWNVOTE', DEFAULT, 2),
(205, 11, 'UPVOTE', DEFAULT, 1),
(206, 11, 'UPVOTE', DEFAULT, 1),
(207, 11, 'UPVOTE', DEFAULT, 2),
(208, 11, 'DOWNVOTE', DEFAULT, 5),
(209, 11, 'UPVOTE', DEFAULT, 5),
(210, 11, 'DOWNVOTE', DEFAULT, 1),
(211, 11, 'UPVOTE', DEFAULT, 4),
(212, 11, 'DOWNVOTE', DEFAULT, 3),
(213, 11, 'DOWNVOTE', DEFAULT, 1),
(214, 11, 'DOWNVOTE', DEFAULT, 5),
(215, 11, 'UPVOTE', DEFAULT, 4),
(216, 11, 'UPVOTE', DEFAULT, 2),
(217, 11, 'DOWNVOTE', DEFAULT, 3),
(218, 11, 'DOWNVOTE', DEFAULT, 3),
(219, 11, 'DOWNVOTE', DEFAULT, 5),
(220, 11, 'DOWNVOTE', DEFAULT, 4),
(221, 12, 'DOWNVOTE', DEFAULT, 3),
(222, 12, 'DOWNVOTE', DEFAULT, 5),
(223, 12, 'UPVOTE', DEFAULT, 2),
(224, 12, 'UPVOTE', DEFAULT, 1),
(225, 12, 'UPVOTE', DEFAULT, 5),
(226, 12, 'UPVOTE', DEFAULT, 2),
(227, 12, 'UPVOTE', DEFAULT, 4),
(228, 12, 'DOWNVOTE', DEFAULT, 1),
(229, 12, 'DOWNVOTE', DEFAULT, 2),
(230, 12, 'DOWNVOTE', DEFAULT, 2),
(231, 12, 'DOWNVOTE', DEFAULT, 2),
(232, 12, 'UPVOTE', DEFAULT, 1),
(233, 12, 'DOWNVOTE', DEFAULT, 4),
(234, 12, 'UPVOTE', DEFAULT, 4),
(235, 12, 'DOWNVOTE', DEFAULT, 4),
(236, 12, 'UPVOTE', DEFAULT, 5),
(237, 12, 'DOWNVOTE', DEFAULT, 4),
(238, 12, 'DOWNVOTE', DEFAULT, 3),
(239, 12, 'UPVOTE', DEFAULT, 4),
(240, 12, 'UPVOTE', DEFAULT, 4),
(241, 13, 'UPVOTE', DEFAULT, 3),
(242, 13, 'DOWNVOTE', DEFAULT, 5),
(243, 13, 'UPVOTE', DEFAULT, 2),
(244, 13, 'UPVOTE', DEFAULT, 2),
(245, 13, 'DOWNVOTE', DEFAULT, 1),
(246, 13, 'DOWNVOTE', DEFAULT, 4),
(247, 13, 'UPVOTE', DEFAULT, 2),
(248, 13, 'DOWNVOTE', DEFAULT, 4),
(249, 13, 'UPVOTE', DEFAULT, 3),
(250, 13, 'DOWNVOTE', DEFAULT, 3),
(251, 13, 'UPVOTE', DEFAULT, 3),
(252, 13, 'UPVOTE', DEFAULT, 4),
(253, 13, 'DOWNVOTE', DEFAULT, 3),
(254, 13, 'UPVOTE', DEFAULT, 3),
(255, 13, 'DOWNVOTE', DEFAULT, 5),
(256, 13, 'UPVOTE', DEFAULT, 5),
(257, 13, 'DOWNVOTE', DEFAULT, 5),
(258, 13, 'DOWNVOTE', DEFAULT, 3),
(259, 13, 'DOWNVOTE', DEFAULT, 3),
(260, 13, 'DOWNVOTE', DEFAULT, 4),
(261, 14, 'UPVOTE', DEFAULT, 1),
(262, 14, 'DOWNVOTE', DEFAULT, 2),
(263, 14, 'UPVOTE', DEFAULT, 3),
(264, 14, 'DOWNVOTE', DEFAULT, 5),
(265, 14, 'DOWNVOTE', DEFAULT, 5),
(266, 14, 'UPVOTE', DEFAULT, 5),
(267, 14, 'UPVOTE', DEFAULT, 5),
(268, 14, 'DOWNVOTE', DEFAULT, 4),
(269, 14, 'DOWNVOTE', DEFAULT, 4),
(270, 14, 'DOWNVOTE', DEFAULT, 5),
(271, 14, 'DOWNVOTE', DEFAULT, 1),
(272, 14, 'DOWNVOTE', DEFAULT, 1),
(273, 14, 'UPVOTE', DEFAULT, 5),
(274, 14, 'UPVOTE', DEFAULT, 1),
(275, 14, 'DOWNVOTE', DEFAULT, 3),
(276, 14, 'DOWNVOTE', DEFAULT, 1),
(277, 14, 'UPVOTE', DEFAULT, 4),
(278, 14, 'UPVOTE', DEFAULT, 5),
(279, 14, 'DOWNVOTE', DEFAULT, 5),
(280, 14, 'UPVOTE', DEFAULT, 4),
(281, 15, 'UPVOTE', DEFAULT, 1),
(282, 15, 'UPVOTE', DEFAULT, 2),
(283, 15, 'DOWNVOTE', DEFAULT, 5),
(284, 15, 'UPVOTE', DEFAULT, 4),
(285, 15, 'DOWNVOTE', DEFAULT, 1),
(286, 15, 'DOWNVOTE', DEFAULT, 1),
(287, 15, 'DOWNVOTE', DEFAULT, 2),
(288, 15, 'DOWNVOTE', DEFAULT, 3),
(289, 15, 'DOWNVOTE', DEFAULT, 5),
(290, 15, 'UPVOTE', DEFAULT, 3),
(291, 15, 'UPVOTE', DEFAULT, 5),
(292, 15, 'DOWNVOTE', DEFAULT, 2),
(293, 15, 'DOWNVOTE', DEFAULT, 1),
(294, 15, 'UPVOTE', DEFAULT, 3),
(295, 15, 'DOWNVOTE', DEFAULT, 5),
(296, 15, 'DOWNVOTE', DEFAULT, 4),
(297, 15, 'DOWNVOTE', DEFAULT, 3),
(298, 15, 'UPVOTE', DEFAULT, 4),
(299, 15, 'DOWNVOTE', DEFAULT, 3),
(300, 15, 'UPVOTE', DEFAULT, 5),
(301, 16, 'UPVOTE', DEFAULT, 3),
(302, 16, 'DOWNVOTE', DEFAULT, 4),
(303, 16, 'DOWNVOTE', DEFAULT, 1),
(304, 16, 'DOWNVOTE', DEFAULT, 1),
(305, 16, 'DOWNVOTE', DEFAULT, 4),
(306, 16, 'DOWNVOTE', DEFAULT, 5),
(307, 16, 'UPVOTE', DEFAULT, 4),
(308, 16, 'DOWNVOTE', DEFAULT, 3),
(309, 16, 'DOWNVOTE', DEFAULT, 1),
(310, 16, 'UPVOTE', DEFAULT, 2),
(311, 16, 'DOWNVOTE', DEFAULT, 5),
(312, 16, 'DOWNVOTE', DEFAULT, 2),
(313, 16, 'UPVOTE', DEFAULT, 2),
(314, 16, 'DOWNVOTE', DEFAULT, 1),
(315, 16, 'UPVOTE', DEFAULT, 1),
(316, 16, 'DOWNVOTE', DEFAULT, 5),
(317, 16, 'UPVOTE', DEFAULT, 5),
(318, 16, 'DOWNVOTE', DEFAULT, 5),
(319, 16, 'DOWNVOTE', DEFAULT, 4),
(320, 16, 'DOWNVOTE', DEFAULT, 1),
(321, 17, 'DOWNVOTE', DEFAULT, 2),
(322, 17, 'DOWNVOTE', DEFAULT, 2),
(323, 17, 'DOWNVOTE', DEFAULT, 4),
(324, 17, 'UPVOTE', DEFAULT, 4),
(325, 17, 'UPVOTE', DEFAULT, 3),
(326, 17, 'DOWNVOTE', DEFAULT, 4),
(327, 17, 'UPVOTE', DEFAULT, 3),
(328, 17, 'DOWNVOTE', DEFAULT, 5),
(329, 17, 'UPVOTE', DEFAULT, 5),
(330, 17, 'UPVOTE', DEFAULT, 2),
(331, 17, 'UPVOTE', DEFAULT, 5),
(332, 17, 'DOWNVOTE', DEFAULT, 3),
(333, 17, 'DOWNVOTE', DEFAULT, 5),
(334, 17, 'UPVOTE', DEFAULT, 3),
(335, 17, 'DOWNVOTE', DEFAULT, 3),
(336, 17, 'UPVOTE', DEFAULT, 5),
(337, 17, 'UPVOTE', DEFAULT, 4),
(338, 17, 'DOWNVOTE', DEFAULT, 2),
(339, 17, 'UPVOTE', DEFAULT, 1),
(340, 17, 'UPVOTE', DEFAULT, 5),
(341, 18, 'DOWNVOTE', DEFAULT, 1),
(342, 18, 'DOWNVOTE', DEFAULT, 5),
(343, 18, 'UPVOTE', DEFAULT, 1),
(344, 18, 'DOWNVOTE', DEFAULT, 2),
(345, 18, 'DOWNVOTE', DEFAULT, 5),
(346, 18, 'DOWNVOTE', DEFAULT, 4),
(347, 18, 'DOWNVOTE', DEFAULT, 2),
(348, 18, 'DOWNVOTE', DEFAULT, 4),
(349, 18, 'UPVOTE', DEFAULT, 1),
(350, 18, 'UPVOTE', DEFAULT, 5),
(351, 18, 'UPVOTE', DEFAULT, 4),
(352, 18, 'UPVOTE', DEFAULT, 3),
(353, 18, 'UPVOTE', DEFAULT, 3),
(354, 18, 'UPVOTE', DEFAULT, 2),
(355, 18, 'DOWNVOTE', DEFAULT, 1),
(356, 18, 'UPVOTE', DEFAULT, 1),
(357, 18, 'UPVOTE', DEFAULT, 4),
(358, 18, 'UPVOTE', DEFAULT, 4),
(359, 18, 'DOWNVOTE', DEFAULT, 1),
(360, 18, 'UPVOTE', DEFAULT, 5),
(361, 19, 'UPVOTE', DEFAULT, 4),
(362, 19, 'DOWNVOTE', DEFAULT, 2),
(363, 19, 'DOWNVOTE', DEFAULT, 3),
(364, 19, 'UPVOTE', DEFAULT, 1),
(365, 19, 'UPVOTE', DEFAULT, 4),
(366, 19, 'UPVOTE', DEFAULT, 4),
(367, 19, 'UPVOTE', DEFAULT, 4),
(368, 19, 'UPVOTE', DEFAULT, 4),
(369, 19, 'UPVOTE', DEFAULT, 3),
(370, 19, 'DOWNVOTE', DEFAULT, 3),
(371, 19, 'DOWNVOTE', DEFAULT, 3),
(372, 19, 'UPVOTE', DEFAULT, 4),
(373, 19, 'UPVOTE', DEFAULT, 2),
(374, 19, 'DOWNVOTE', DEFAULT, 3),
(375, 19, 'UPVOTE', DEFAULT, 4),
(376, 19, 'UPVOTE', DEFAULT, 4),
(377, 19, 'DOWNVOTE', DEFAULT, 1),
(378, 19, 'UPVOTE', DEFAULT, 4),
(379, 19, 'UPVOTE', DEFAULT, 1),
(380, 19, 'DOWNVOTE', DEFAULT, 1),
(381, 20, 'UPVOTE', DEFAULT, 4),
(382, 20, 'DOWNVOTE', DEFAULT, 1),
(383, 20, 'UPVOTE', DEFAULT, 4),
(384, 20, 'UPVOTE', DEFAULT, 5),
(385, 20, 'DOWNVOTE', DEFAULT, 3),
(386, 20, 'UPVOTE', DEFAULT, 5),
(387, 20, 'UPVOTE', DEFAULT, 5),
(388, 20, 'DOWNVOTE', DEFAULT, 5),
(389, 20, 'DOWNVOTE', DEFAULT, 3),
(390, 20, 'UPVOTE', DEFAULT, 2),
(391, 20, 'UPVOTE', DEFAULT, 5),
(392, 20, 'DOWNVOTE', DEFAULT, 5),
(393, 20, 'DOWNVOTE', DEFAULT, 1),
(394, 20, 'DOWNVOTE', DEFAULT, 4),
(395, 20, 'DOWNVOTE', DEFAULT, 3),
(396, 20, 'UPVOTE', DEFAULT, 4),
(397, 20, 'UPVOTE', DEFAULT, 3),
(398, 20, 'DOWNVOTE', DEFAULT, 3),
(399, 20, 'DOWNVOTE', DEFAULT, 4),
(400, 20, 'UPVOTE', DEFAULT, 2),
(401, 21, 'UPVOTE', DEFAULT, 4),
(402, 21, 'UPVOTE', DEFAULT, 4),
(403, 21, 'DOWNVOTE', DEFAULT, 3),
(404, 21, 'UPVOTE', DEFAULT, 4),
(405, 21, 'DOWNVOTE', DEFAULT, 2),
(406, 21, 'UPVOTE', DEFAULT, 2),
(407, 21, 'UPVOTE', DEFAULT, 4),
(408, 21, 'DOWNVOTE', DEFAULT, 4),
(409, 21, 'DOWNVOTE', DEFAULT, 5),
(410, 21, 'UPVOTE', DEFAULT, 4),
(411, 21, 'DOWNVOTE', DEFAULT, 4),
(412, 21, 'DOWNVOTE', DEFAULT, 1),
(413, 21, 'DOWNVOTE', DEFAULT, 3),
(414, 21, 'DOWNVOTE', DEFAULT, 1),
(415, 21, 'UPVOTE', DEFAULT, 2),
(416, 21, 'DOWNVOTE', DEFAULT, 4),
(417, 21, 'DOWNVOTE', DEFAULT, 5),
(418, 21, 'UPVOTE', DEFAULT, 3),
(419, 21, 'DOWNVOTE', DEFAULT, 2),
(420, 21, 'UPVOTE', DEFAULT, 3),
(421, 22, 'UPVOTE', DEFAULT, 2),
(422, 22, 'UPVOTE', DEFAULT, 2),
(423, 22, 'UPVOTE', DEFAULT, 1),
(424, 22, 'UPVOTE', DEFAULT, 3),
(425, 22, 'DOWNVOTE', DEFAULT, 5),
(426, 22, 'UPVOTE', DEFAULT, 5),
(427, 22, 'UPVOTE', DEFAULT, 5),
(428, 22, 'UPVOTE', DEFAULT, 1),
(429, 22, 'UPVOTE', DEFAULT, 3),
(430, 22, 'UPVOTE', DEFAULT, 5),
(431, 22, 'UPVOTE', DEFAULT, 1),
(432, 22, 'DOWNVOTE', DEFAULT, 4),
(433, 22, 'UPVOTE', DEFAULT, 5),
(434, 22, 'UPVOTE', DEFAULT, 3),
(435, 22, 'DOWNVOTE', DEFAULT, 4),
(436, 22, 'UPVOTE', DEFAULT, 4),
(437, 22, 'UPVOTE', DEFAULT, 5),
(438, 22, 'UPVOTE', DEFAULT, 1),
(439, 22, 'DOWNVOTE', DEFAULT, 3),
(440, 22, 'UPVOTE', DEFAULT, 3),
(441, 23, 'DOWNVOTE', DEFAULT, 5),
(442, 23, 'UPVOTE', DEFAULT, 1),
(443, 23, 'UPVOTE', DEFAULT, 1),
(444, 23, 'DOWNVOTE', DEFAULT, 2),
(445, 23, 'UPVOTE', DEFAULT, 4),
(446, 23, 'DOWNVOTE', DEFAULT, 3),
(447, 23, 'UPVOTE', DEFAULT, 3),
(448, 23, 'UPVOTE', DEFAULT, 5),
(449, 23, 'DOWNVOTE', DEFAULT, 5),
(450, 23, 'DOWNVOTE', DEFAULT, 1),
(451, 23, 'UPVOTE', DEFAULT, 2),
(452, 23, 'UPVOTE', DEFAULT, 3),
(453, 23, 'UPVOTE', DEFAULT, 1),
(454, 23, 'UPVOTE', DEFAULT, 5),
(455, 23, 'UPVOTE', DEFAULT, 2),
(456, 23, 'DOWNVOTE', DEFAULT, 4),
(457, 23, 'DOWNVOTE', DEFAULT, 3),
(458, 23, 'UPVOTE', DEFAULT, 1),
(459, 23, 'UPVOTE', DEFAULT, 1),
(460, 23, 'DOWNVOTE', DEFAULT, 5),
(461, 24, 'DOWNVOTE', DEFAULT, 5),
(462, 24, 'DOWNVOTE', DEFAULT, 2),
(463, 24, 'DOWNVOTE', DEFAULT, 1),
(464, 24, 'DOWNVOTE', DEFAULT, 5),
(465, 24, 'DOWNVOTE', DEFAULT, 2),
(466, 24, 'UPVOTE', DEFAULT, 3),
(467, 24, 'DOWNVOTE', DEFAULT, 4),
(468, 24, 'UPVOTE', DEFAULT, 3),
(469, 24, 'DOWNVOTE', DEFAULT, 4),
(470, 24, 'UPVOTE', DEFAULT, 5),
(471, 24, 'DOWNVOTE', DEFAULT, 2),
(472, 24, 'DOWNVOTE', DEFAULT, 2),
(473, 24, 'UPVOTE', DEFAULT, 3),
(474, 24, 'UPVOTE', DEFAULT, 1),
(475, 24, 'UPVOTE', DEFAULT, 2),
(476, 24, 'DOWNVOTE', DEFAULT, 3),
(477, 24, 'DOWNVOTE', DEFAULT, 3),
(478, 24, 'DOWNVOTE', DEFAULT, 3),
(479, 24, 'DOWNVOTE', DEFAULT, 1),
(480, 24, 'DOWNVOTE', DEFAULT, 1),
(481, 25, 'UPVOTE', DEFAULT, 1),
(482, 25, 'UPVOTE', DEFAULT, 3),
(483, 25, 'UPVOTE', DEFAULT, 4),
(484, 25, 'DOWNVOTE', DEFAULT, 4),
(485, 25, 'DOWNVOTE', DEFAULT, 1),
(486, 25, 'UPVOTE', DEFAULT, 1),
(487, 25, 'UPVOTE', DEFAULT, 2),
(488, 25, 'UPVOTE', DEFAULT, 3),
(489, 25, 'DOWNVOTE', DEFAULT, 2),
(490, 25, 'DOWNVOTE', DEFAULT, 1),
(491, 25, 'UPVOTE', DEFAULT, 4),
(492, 25, 'UPVOTE', DEFAULT, 4),
(493, 25, 'UPVOTE', DEFAULT, 1),
(494, 25, 'DOWNVOTE', DEFAULT, 2),
(495, 25, 'UPVOTE', DEFAULT, 5),
(496, 25, 'DOWNVOTE', DEFAULT, 5),
(497, 25, 'UPVOTE', DEFAULT, 1),
(498, 25, 'UPVOTE', DEFAULT, 1),
(499, 25, 'DOWNVOTE', DEFAULT, 4),
(500, 25, 'DOWNVOTE', DEFAULT, 3),
(501, 26, 'UPVOTE', DEFAULT, 1),
(502, 26, 'UPVOTE', DEFAULT, 3),
(503, 26, 'DOWNVOTE', DEFAULT, 1),
(504, 26, 'DOWNVOTE', DEFAULT, 3),
(505, 26, 'DOWNVOTE', DEFAULT, 3),
(506, 26, 'DOWNVOTE', DEFAULT, 5),
(507, 26, 'DOWNVOTE', DEFAULT, 2),
(508, 26, 'UPVOTE', DEFAULT, 2),
(509, 26, 'DOWNVOTE', DEFAULT, 1),
(510, 26, 'DOWNVOTE', DEFAULT, 1),
(511, 26, 'UPVOTE', DEFAULT, 3),
(512, 26, 'DOWNVOTE', DEFAULT, 1),
(513, 26, 'DOWNVOTE', DEFAULT, 5),
(514, 26, 'DOWNVOTE', DEFAULT, 2),
(515, 26, 'DOWNVOTE', DEFAULT, 4),
(516, 26, 'DOWNVOTE', DEFAULT, 2),
(517, 26, 'UPVOTE', DEFAULT, 2),
(518, 26, 'UPVOTE', DEFAULT, 5),
(519, 26, 'DOWNVOTE', DEFAULT, 5),
(520, 26, 'DOWNVOTE', DEFAULT, 1),
(521, 27, 'DOWNVOTE', DEFAULT, 1),
(522, 27, 'DOWNVOTE', DEFAULT, 3),
(523, 27, 'DOWNVOTE', DEFAULT, 5),
(524, 27, 'UPVOTE', DEFAULT, 1),
(525, 27, 'UPVOTE', DEFAULT, 1),
(526, 27, 'DOWNVOTE', DEFAULT, 2),
(527, 27, 'DOWNVOTE', DEFAULT, 4),
(528, 27, 'DOWNVOTE', DEFAULT, 5),
(529, 27, 'DOWNVOTE', DEFAULT, 4),
(530, 27, 'DOWNVOTE', DEFAULT, 4),
(531, 27, 'DOWNVOTE', DEFAULT, 4),
(532, 27, 'DOWNVOTE', DEFAULT, 4),
(533, 27, 'UPVOTE', DEFAULT, 5),
(534, 27, 'UPVOTE', DEFAULT, 2),
(535, 27, 'UPVOTE', DEFAULT, 1),
(536, 27, 'UPVOTE', DEFAULT, 4),
(537, 27, 'DOWNVOTE', DEFAULT, 2),
(538, 27, 'DOWNVOTE', DEFAULT, 1),
(539, 27, 'UPVOTE', DEFAULT, 1),
(540, 27, 'DOWNVOTE', DEFAULT, 5),
(541, 28, 'DOWNVOTE', DEFAULT, 2),
(542, 28, 'DOWNVOTE', DEFAULT, 1),
(543, 28, 'UPVOTE', DEFAULT, 2),
(544, 28, 'UPVOTE', DEFAULT, 1),
(545, 28, 'UPVOTE', DEFAULT, 3),
(546, 28, 'UPVOTE', DEFAULT, 2),
(547, 28, 'DOWNVOTE', DEFAULT, 1),
(548, 28, 'UPVOTE', DEFAULT, 1),
(549, 28, 'UPVOTE', DEFAULT, 4),
(550, 28, 'DOWNVOTE', DEFAULT, 5),
(551, 28, 'UPVOTE', DEFAULT, 3),
(552, 28, 'UPVOTE', DEFAULT, 4),
(553, 28, 'UPVOTE', DEFAULT, 3),
(554, 28, 'UPVOTE', DEFAULT, 1),
(555, 28, 'UPVOTE', DEFAULT, 1),
(556, 28, 'DOWNVOTE', DEFAULT, 2),
(557, 28, 'UPVOTE', DEFAULT, 1),
(558, 28, 'UPVOTE', DEFAULT, 1),
(559, 28, 'DOWNVOTE', DEFAULT, 1),
(560, 28, 'UPVOTE', DEFAULT, 5),
(561, 29, 'DOWNVOTE', DEFAULT, 5),
(562, 29, 'UPVOTE', DEFAULT, 2),
(563, 29, 'DOWNVOTE', DEFAULT, 4),
(564, 29, 'UPVOTE', DEFAULT, 5),
(565, 29, 'DOWNVOTE', DEFAULT, 3),
(566, 29, 'DOWNVOTE', DEFAULT, 3),
(567, 29, 'UPVOTE', DEFAULT, 3),
(568, 29, 'UPVOTE', DEFAULT, 1),
(569, 29, 'DOWNVOTE', DEFAULT, 3),
(570, 29, 'DOWNVOTE', DEFAULT, 1),
(571, 29, 'DOWNVOTE', DEFAULT, 1),
(572, 29, 'UPVOTE', DEFAULT, 3),
(573, 29, 'UPVOTE', DEFAULT, 2),
(574, 29, 'DOWNVOTE', DEFAULT, 3),
(575, 29, 'UPVOTE', DEFAULT, 1),
(576, 29, 'DOWNVOTE', DEFAULT, 5),
(577, 29, 'DOWNVOTE', DEFAULT, 5),
(578, 29, 'UPVOTE', DEFAULT, 4),
(579, 29, 'DOWNVOTE', DEFAULT, 1),
(580, 29, 'UPVOTE', DEFAULT, 4),
(581, 30, 'UPVOTE', DEFAULT, 2),
(582, 30, 'DOWNVOTE', DEFAULT, 2),
(583, 30, 'UPVOTE', DEFAULT, 4),
(584, 30, 'UPVOTE', DEFAULT, 5),
(585, 30, 'DOWNVOTE', DEFAULT, 2),
(586, 30, 'UPVOTE', DEFAULT, 2),
(587, 30, 'UPVOTE', DEFAULT, 4),
(588, 30, 'DOWNVOTE', DEFAULT, 2),
(589, 30, 'UPVOTE', DEFAULT, 4),
(590, 30, 'UPVOTE', DEFAULT, 3),
(591, 30, 'DOWNVOTE', DEFAULT, 3),
(592, 30, 'UPVOTE', DEFAULT, 2),
(593, 30, 'DOWNVOTE', DEFAULT, 4),
(594, 30, 'DOWNVOTE', DEFAULT, 4),
(595, 30, 'UPVOTE', DEFAULT, 3),
(596, 30, 'UPVOTE', DEFAULT, 4),
(597, 30, 'UPVOTE', DEFAULT, 2),
(598, 30, 'UPVOTE', DEFAULT, 5),
(599, 30, 'DOWNVOTE', DEFAULT, 2),
(600, 30, 'UPVOTE', DEFAULT, 2),
(601, 31, 'DOWNVOTE', DEFAULT, 5),
(602, 31, 'UPVOTE', DEFAULT, 1),
(603, 31, 'DOWNVOTE', DEFAULT, 1),
(604, 31, 'UPVOTE', DEFAULT, 1),
(605, 31, 'DOWNVOTE', DEFAULT, 5),
(606, 31, 'UPVOTE', DEFAULT, 2),
(607, 31, 'UPVOTE', DEFAULT, 4),
(608, 31, 'UPVOTE', DEFAULT, 5),
(609, 31, 'DOWNVOTE', DEFAULT, 1),
(610, 31, 'UPVOTE', DEFAULT, 2),
(611, 31, 'UPVOTE', DEFAULT, 2),
(612, 31, 'DOWNVOTE', DEFAULT, 3),
(613, 31, 'DOWNVOTE', DEFAULT, 4),
(614, 31, 'DOWNVOTE', DEFAULT, 1),
(615, 31, 'DOWNVOTE', DEFAULT, 2),
(616, 31, 'DOWNVOTE', DEFAULT, 1),
(617, 31, 'DOWNVOTE', DEFAULT, 1),
(618, 31, 'UPVOTE', DEFAULT, 5),
(619, 31, 'DOWNVOTE', DEFAULT, 5),
(620, 31, 'UPVOTE', DEFAULT, 3),
(621, 32, 'UPVOTE', DEFAULT, 4),
(622, 32, 'UPVOTE', DEFAULT, 2),
(623, 32, 'DOWNVOTE', DEFAULT, 1),
(624, 32, 'DOWNVOTE', DEFAULT, 3),
(625, 32, 'UPVOTE', DEFAULT, 2),
(626, 32, 'DOWNVOTE', DEFAULT, 4),
(627, 32, 'UPVOTE', DEFAULT, 3),
(628, 32, 'UPVOTE', DEFAULT, 2),
(629, 32, 'UPVOTE', DEFAULT, 2),
(630, 32, 'UPVOTE', DEFAULT, 4),
(631, 32, 'DOWNVOTE', DEFAULT, 4),
(632, 32, 'DOWNVOTE', DEFAULT, 3),
(633, 32, 'UPVOTE', DEFAULT, 1),
(634, 32, 'DOWNVOTE', DEFAULT, 4),
(635, 32, 'UPVOTE', DEFAULT, 5),
(636, 32, 'DOWNVOTE', DEFAULT, 5),
(637, 32, 'UPVOTE', DEFAULT, 1),
(638, 32, 'DOWNVOTE', DEFAULT, 1),
(639, 32, 'UPVOTE', DEFAULT, 4),
(640, 32, 'DOWNVOTE', DEFAULT, 2),
(641, 33, 'DOWNVOTE', DEFAULT, 4),
(642, 33, 'DOWNVOTE', DEFAULT, 3),
(643, 33, 'DOWNVOTE', DEFAULT, 5),
(644, 33, 'DOWNVOTE', DEFAULT, 1),
(645, 33, 'UPVOTE', DEFAULT, 2),
(646, 33, 'UPVOTE', DEFAULT, 3),
(647, 33, 'UPVOTE', DEFAULT, 2),
(648, 33, 'DOWNVOTE', DEFAULT, 4),
(649, 33, 'DOWNVOTE', DEFAULT, 1),
(650, 33, 'DOWNVOTE', DEFAULT, 2),
(651, 33, 'DOWNVOTE', DEFAULT, 3),
(652, 33, 'UPVOTE', DEFAULT, 2),
(653, 33, 'DOWNVOTE', DEFAULT, 4),
(654, 33, 'UPVOTE', DEFAULT, 5),
(655, 33, 'UPVOTE', DEFAULT, 2),
(656, 33, 'DOWNVOTE', DEFAULT, 1),
(657, 33, 'UPVOTE', DEFAULT, 5),
(658, 33, 'DOWNVOTE', DEFAULT, 3),
(659, 33, 'DOWNVOTE', DEFAULT, 4),
(660, 33, 'DOWNVOTE', DEFAULT, 4),
(661, 34, 'UPVOTE', DEFAULT, 2),
(662, 34, 'DOWNVOTE', DEFAULT, 1),
(663, 34, 'UPVOTE', DEFAULT, 1),
(664, 34, 'DOWNVOTE', DEFAULT, 1),
(665, 34, 'UPVOTE', DEFAULT, 5),
(666, 34, 'UPVOTE', DEFAULT, 5),
(667, 34, 'UPVOTE', DEFAULT, 5),
(668, 34, 'DOWNVOTE', DEFAULT, 5),
(669, 34, 'DOWNVOTE', DEFAULT, 3),
(670, 34, 'DOWNVOTE', DEFAULT, 5),
(671, 34, 'DOWNVOTE', DEFAULT, 1),
(672, 34, 'DOWNVOTE', DEFAULT, 2),
(673, 34, 'DOWNVOTE', DEFAULT, 3),
(674, 34, 'UPVOTE', DEFAULT, 5),
(675, 34, 'DOWNVOTE', DEFAULT, 2),
(676, 34, 'DOWNVOTE', DEFAULT, 5),
(677, 34, 'DOWNVOTE', DEFAULT, 3),
(678, 34, 'DOWNVOTE', DEFAULT, 3),
(679, 34, 'DOWNVOTE', DEFAULT, 2),
(680, 34, 'DOWNVOTE', DEFAULT, 5),
(681, 35, 'DOWNVOTE', DEFAULT, 3),
(682, 35, 'DOWNVOTE', DEFAULT, 5),
(683, 35, 'UPVOTE', DEFAULT, 2),
(684, 35, 'DOWNVOTE', DEFAULT, 4),
(685, 35, 'DOWNVOTE', DEFAULT, 4),
(686, 35, 'DOWNVOTE', DEFAULT, 2),
(687, 35, 'UPVOTE', DEFAULT, 3),
(688, 35, 'UPVOTE', DEFAULT, 5),
(689, 35, 'UPVOTE', DEFAULT, 4),
(690, 35, 'DOWNVOTE', DEFAULT, 3),
(691, 35, 'UPVOTE', DEFAULT, 5),
(692, 35, 'UPVOTE', DEFAULT, 4),
(693, 35, 'DOWNVOTE', DEFAULT, 3),
(694, 35, 'DOWNVOTE', DEFAULT, 3),
(695, 35, 'DOWNVOTE', DEFAULT, 4),
(696, 35, 'UPVOTE', DEFAULT, 5),
(697, 35, 'UPVOTE', DEFAULT, 4),
(698, 35, 'DOWNVOTE', DEFAULT, 2),
(699, 35, 'UPVOTE', DEFAULT, 5),
(700, 35, 'DOWNVOTE', DEFAULT, 5),
(701, 36, 'UPVOTE', DEFAULT, 4),
(702, 36, 'DOWNVOTE', DEFAULT, 4),
(703, 36, 'UPVOTE', DEFAULT, 2),
(704, 36, 'DOWNVOTE', DEFAULT, 4),
(705, 36, 'UPVOTE', DEFAULT, 1),
(706, 36, 'UPVOTE', DEFAULT, 4),
(707, 36, 'UPVOTE', DEFAULT, 3),
(708, 36, 'UPVOTE', DEFAULT, 1),
(709, 36, 'UPVOTE', DEFAULT, 2),
(710, 36, 'UPVOTE', DEFAULT, 3),
(711, 36, 'UPVOTE', DEFAULT, 4),
(712, 36, 'DOWNVOTE', DEFAULT, 1),
(713, 36, 'UPVOTE', DEFAULT, 5),
(714, 36, 'DOWNVOTE', DEFAULT, 3),
(715, 36, 'UPVOTE', DEFAULT, 5),
(716, 36, 'DOWNVOTE', DEFAULT, 1),
(717, 36, 'UPVOTE', DEFAULT, 2),
(718, 36, 'DOWNVOTE', DEFAULT, 4),
(719, 36, 'UPVOTE', DEFAULT, 4),
(720, 36, 'DOWNVOTE', DEFAULT, 4),
(721, 37, 'DOWNVOTE', DEFAULT, 2),
(722, 37, 'UPVOTE', DEFAULT, 4),
(723, 37, 'DOWNVOTE', DEFAULT, 2),
(724, 37, 'DOWNVOTE', DEFAULT, 4),
(725, 37, 'DOWNVOTE', DEFAULT, 1),
(726, 37, 'DOWNVOTE', DEFAULT, 2),
(727, 37, 'DOWNVOTE', DEFAULT, 3),
(728, 37, 'UPVOTE', DEFAULT, 1),
(729, 37, 'UPVOTE', DEFAULT, 5),
(730, 37, 'UPVOTE', DEFAULT, 2),
(731, 37, 'DOWNVOTE', DEFAULT, 4),
(732, 37, 'DOWNVOTE', DEFAULT, 1),
(733, 37, 'DOWNVOTE', DEFAULT, 4),
(734, 37, 'UPVOTE', DEFAULT, 5),
(735, 37, 'DOWNVOTE', DEFAULT, 1),
(736, 37, 'UPVOTE', DEFAULT, 1),
(737, 37, 'UPVOTE', DEFAULT, 5),
(738, 37, 'DOWNVOTE', DEFAULT, 1),
(739, 37, 'UPVOTE', DEFAULT, 4),
(740, 37, 'DOWNVOTE', DEFAULT, 1),
(741, 38, 'UPVOTE', DEFAULT, 3),
(742, 38, 'DOWNVOTE', DEFAULT, 5),
(743, 38, 'DOWNVOTE', DEFAULT, 1),
(744, 38, 'UPVOTE', DEFAULT, 1),
(745, 38, 'DOWNVOTE', DEFAULT, 1),
(746, 38, 'DOWNVOTE', DEFAULT, 2),
(747, 38, 'DOWNVOTE', DEFAULT, 3),
(748, 38, 'UPVOTE', DEFAULT, 5),
(749, 38, 'UPVOTE', DEFAULT, 4),
(750, 38, 'DOWNVOTE', DEFAULT, 5),
(751, 38, 'UPVOTE', DEFAULT, 4),
(752, 38, 'DOWNVOTE', DEFAULT, 5),
(753, 38, 'DOWNVOTE', DEFAULT, 4),
(754, 38, 'UPVOTE', DEFAULT, 5),
(755, 38, 'UPVOTE', DEFAULT, 1),
(756, 38, 'DOWNVOTE', DEFAULT, 1),
(757, 38, 'UPVOTE', DEFAULT, 2),
(758, 38, 'DOWNVOTE', DEFAULT, 5),
(759, 38, 'DOWNVOTE', DEFAULT, 3),
(760, 38, 'UPVOTE', DEFAULT, 2),
(761, 39, 'UPVOTE', DEFAULT, 4),
(762, 39, 'UPVOTE', DEFAULT, 2),
(763, 39, 'DOWNVOTE', DEFAULT, 5),
(764, 39, 'DOWNVOTE', DEFAULT, 5),
(765, 39, 'DOWNVOTE', DEFAULT, 5),
(766, 39, 'UPVOTE', DEFAULT, 4),
(767, 39, 'UPVOTE', DEFAULT, 2),
(768, 39, 'UPVOTE', DEFAULT, 4),
(769, 39, 'UPVOTE', DEFAULT, 4),
(770, 39, 'UPVOTE', DEFAULT, 5),
(771, 39, 'DOWNVOTE', DEFAULT, 4),
(772, 39, 'UPVOTE', DEFAULT, 3),
(773, 39, 'DOWNVOTE', DEFAULT, 1),
(774, 39, 'UPVOTE', DEFAULT, 5),
(775, 39, 'DOWNVOTE', DEFAULT, 4),
(776, 39, 'UPVOTE', DEFAULT, 1),
(777, 39, 'DOWNVOTE', DEFAULT, 5),
(778, 39, 'UPVOTE', DEFAULT, 5),
(779, 39, 'UPVOTE', DEFAULT, 5),
(780, 39, 'UPVOTE', DEFAULT, 4),
(781, 40, 'UPVOTE', DEFAULT, 2),
(782, 40, 'UPVOTE', DEFAULT, 5),
(783, 40, 'UPVOTE', DEFAULT, 3),
(784, 40, 'DOWNVOTE', DEFAULT, 3),
(785, 40, 'DOWNVOTE', DEFAULT, 4),
(786, 40, 'DOWNVOTE', DEFAULT, 4),
(787, 40, 'DOWNVOTE', DEFAULT, 2),
(788, 40, 'DOWNVOTE', DEFAULT, 4),
(789, 40, 'DOWNVOTE', DEFAULT, 5),
(790, 40, 'UPVOTE', DEFAULT, 1),
(791, 40, 'UPVOTE', DEFAULT, 3),
(792, 40, 'UPVOTE', DEFAULT, 1),
(793, 40, 'DOWNVOTE', DEFAULT, 3),
(794, 40, 'UPVOTE', DEFAULT, 2),
(795, 40, 'UPVOTE', DEFAULT, 2),
(796, 40, 'UPVOTE', DEFAULT, 2),
(797, 40, 'UPVOTE', DEFAULT, 5),
(798, 40, 'DOWNVOTE', DEFAULT, 4),
(799, 40, 'DOWNVOTE', DEFAULT, 4),
(800, 40, 'DOWNVOTE', DEFAULT, 3),
(801, 41, 'DOWNVOTE', DEFAULT, 5),
(802, 41, 'DOWNVOTE', DEFAULT, 5),
(803, 41, 'UPVOTE', DEFAULT, 4),
(804, 41, 'UPVOTE', DEFAULT, 3),
(805, 41, 'DOWNVOTE', DEFAULT, 2),
(806, 41, 'DOWNVOTE', DEFAULT, 4),
(807, 41, 'DOWNVOTE', DEFAULT, 1),
(808, 41, 'UPVOTE', DEFAULT, 4),
(809, 41, 'UPVOTE', DEFAULT, 4),
(810, 41, 'DOWNVOTE', DEFAULT, 1),
(811, 41, 'DOWNVOTE', DEFAULT, 3),
(812, 41, 'UPVOTE', DEFAULT, 1),
(813, 41, 'UPVOTE', DEFAULT, 2),
(814, 41, 'UPVOTE', DEFAULT, 4),
(815, 41, 'DOWNVOTE', DEFAULT, 1),
(816, 41, 'DOWNVOTE', DEFAULT, 2),
(817, 41, 'UPVOTE', DEFAULT, 5),
(818, 41, 'UPVOTE', DEFAULT, 4),
(819, 41, 'UPVOTE', DEFAULT, 4),
(820, 41, 'UPVOTE', DEFAULT, 2),
(821, 42, 'UPVOTE', DEFAULT, 1),
(822, 42, 'DOWNVOTE', DEFAULT, 5),
(823, 42, 'DOWNVOTE', DEFAULT, 2),
(824, 42, 'UPVOTE', DEFAULT, 3),
(825, 42, 'UPVOTE', DEFAULT, 1),
(826, 42, 'DOWNVOTE', DEFAULT, 1),
(827, 42, 'UPVOTE', DEFAULT, 4),
(828, 42, 'DOWNVOTE', DEFAULT, 4),
(829, 42, 'DOWNVOTE', DEFAULT, 4),
(830, 42, 'DOWNVOTE', DEFAULT, 2),
(831, 42, 'DOWNVOTE', DEFAULT, 3),
(832, 42, 'DOWNVOTE', DEFAULT, 5),
(833, 42, 'DOWNVOTE', DEFAULT, 2),
(834, 42, 'UPVOTE', DEFAULT, 1),
(835, 42, 'DOWNVOTE', DEFAULT, 2),
(836, 42, 'DOWNVOTE', DEFAULT, 1),
(837, 42, 'DOWNVOTE', DEFAULT, 4),
(838, 42, 'DOWNVOTE', DEFAULT, 4),
(839, 42, 'DOWNVOTE', DEFAULT, 5),
(840, 42, 'DOWNVOTE', DEFAULT, 2),
(841, 43, 'UPVOTE', DEFAULT, 3),
(842, 43, 'UPVOTE', DEFAULT, 2),
(843, 43, 'UPVOTE', DEFAULT, 3),
(844, 43, 'UPVOTE', DEFAULT, 1),
(845, 43, 'DOWNVOTE', DEFAULT, 1),
(846, 43, 'UPVOTE', DEFAULT, 1),
(847, 43, 'UPVOTE', DEFAULT, 5),
(848, 43, 'UPVOTE', DEFAULT, 4),
(849, 43, 'UPVOTE', DEFAULT, 5),
(850, 43, 'DOWNVOTE', DEFAULT, 4),
(851, 43, 'UPVOTE', DEFAULT, 4),
(852, 43, 'DOWNVOTE', DEFAULT, 5),
(853, 43, 'UPVOTE', DEFAULT, 5),
(854, 43, 'DOWNVOTE', DEFAULT, 1),
(855, 43, 'DOWNVOTE', DEFAULT, 2),
(856, 43, 'DOWNVOTE', DEFAULT, 4),
(857, 43, 'DOWNVOTE', DEFAULT, 1),
(858, 43, 'UPVOTE', DEFAULT, 3),
(859, 43, 'DOWNVOTE', DEFAULT, 3),
(860, 43, 'DOWNVOTE', DEFAULT, 4),
(861, 44, 'DOWNVOTE', DEFAULT, 1),
(862, 44, 'UPVOTE', DEFAULT, 1),
(863, 44, 'UPVOTE', DEFAULT, 1),
(864, 44, 'UPVOTE', DEFAULT, 3),
(865, 44, 'UPVOTE', DEFAULT, 5),
(866, 44, 'UPVOTE', DEFAULT, 4),
(867, 44, 'DOWNVOTE', DEFAULT, 4),
(868, 44, 'UPVOTE', DEFAULT, 3),
(869, 44, 'UPVOTE', DEFAULT, 3),
(870, 44, 'UPVOTE', DEFAULT, 3),
(871, 44, 'UPVOTE', DEFAULT, 2),
(872, 44, 'DOWNVOTE', DEFAULT, 3),
(873, 44, 'DOWNVOTE', DEFAULT, 2),
(874, 44, 'DOWNVOTE', DEFAULT, 3),
(875, 44, 'DOWNVOTE', DEFAULT, 2),
(876, 44, 'UPVOTE', DEFAULT, 5),
(877, 44, 'UPVOTE', DEFAULT, 1),
(878, 44, 'UPVOTE', DEFAULT, 3),
(879, 44, 'UPVOTE', DEFAULT, 2),
(880, 44, 'DOWNVOTE', DEFAULT, 2),
(881, 45, 'UPVOTE', DEFAULT, 5),
(882, 45, 'DOWNVOTE', DEFAULT, 5),
(883, 45, 'UPVOTE', DEFAULT, 4),
(884, 45, 'UPVOTE', DEFAULT, 1),
(885, 45, 'UPVOTE', DEFAULT, 5),
(886, 45, 'DOWNVOTE', DEFAULT, 3),
(887, 45, 'UPVOTE', DEFAULT, 4),
(888, 45, 'DOWNVOTE', DEFAULT, 3),
(889, 45, 'UPVOTE', DEFAULT, 3),
(890, 45, 'UPVOTE', DEFAULT, 3),
(891, 45, 'UPVOTE', DEFAULT, 1),
(892, 45, 'UPVOTE', DEFAULT, 5),
(893, 45, 'DOWNVOTE', DEFAULT, 3),
(894, 45, 'DOWNVOTE', DEFAULT, 3),
(895, 45, 'UPVOTE', DEFAULT, 3),
(896, 45, 'UPVOTE', DEFAULT, 3),
(897, 45, 'DOWNVOTE', DEFAULT, 5),
(898, 45, 'UPVOTE', DEFAULT, 1),
(899, 45, 'DOWNVOTE', DEFAULT, 1),
(900, 45, 'DOWNVOTE', DEFAULT, 4),
(901, 46, 'UPVOTE', DEFAULT, 2),
(902, 46, 'DOWNVOTE', DEFAULT, 1),
(903, 46, 'UPVOTE', DEFAULT, 2),
(904, 46, 'UPVOTE', DEFAULT, 2),
(905, 46, 'DOWNVOTE', DEFAULT, 1),
(906, 46, 'UPVOTE', DEFAULT, 4),
(907, 46, 'UPVOTE', DEFAULT, 2),
(908, 46, 'UPVOTE', DEFAULT, 4),
(909, 46, 'UPVOTE', DEFAULT, 5),
(910, 46, 'UPVOTE', DEFAULT, 4),
(911, 46, 'DOWNVOTE', DEFAULT, 5),
(912, 46, 'DOWNVOTE', DEFAULT, 5),
(913, 46, 'DOWNVOTE', DEFAULT, 3),
(914, 46, 'UPVOTE', DEFAULT, 2),
(915, 46, 'DOWNVOTE', DEFAULT, 2),
(916, 46, 'UPVOTE', DEFAULT, 3),
(917, 46, 'UPVOTE', DEFAULT, 2),
(918, 46, 'DOWNVOTE', DEFAULT, 2),
(919, 46, 'DOWNVOTE', DEFAULT, 1),
(920, 46, 'UPVOTE', DEFAULT, 3),
(921, 47, 'UPVOTE', DEFAULT, 4),
(922, 47, 'DOWNVOTE', DEFAULT, 5),
(923, 47, 'DOWNVOTE', DEFAULT, 3),
(924, 47, 'DOWNVOTE', DEFAULT, 1),
(925, 47, 'DOWNVOTE', DEFAULT, 1),
(926, 47, 'UPVOTE', DEFAULT, 3),
(927, 47, 'DOWNVOTE', DEFAULT, 5),
(928, 47, 'UPVOTE', DEFAULT, 3),
(929, 47, 'UPVOTE', DEFAULT, 2),
(930, 47, 'UPVOTE', DEFAULT, 2),
(931, 47, 'UPVOTE', DEFAULT, 3),
(932, 47, 'DOWNVOTE', DEFAULT, 2),
(933, 47, 'UPVOTE', DEFAULT, 1),
(934, 47, 'DOWNVOTE', DEFAULT, 1),
(935, 47, 'DOWNVOTE', DEFAULT, 1),
(936, 47, 'DOWNVOTE', DEFAULT, 5),
(937, 47, 'DOWNVOTE', DEFAULT, 2),
(938, 47, 'UPVOTE', DEFAULT, 1),
(939, 47, 'DOWNVOTE', DEFAULT, 4),
(940, 47, 'UPVOTE', DEFAULT, 4),
(941, 48, 'UPVOTE', DEFAULT, 4),
(942, 48, 'DOWNVOTE', DEFAULT, 4),
(943, 48, 'DOWNVOTE', DEFAULT, 3),
(944, 48, 'UPVOTE', DEFAULT, 1),
(945, 48, 'UPVOTE', DEFAULT, 1),
(946, 48, 'UPVOTE', DEFAULT, 5),
(947, 48, 'UPVOTE', DEFAULT, 5),
(948, 48, 'UPVOTE', DEFAULT, 4),
(949, 48, 'UPVOTE', DEFAULT, 2),
(950, 48, 'DOWNVOTE', DEFAULT, 1),
(951, 48, 'DOWNVOTE', DEFAULT, 3),
(952, 48, 'UPVOTE', DEFAULT, 4),
(953, 48, 'DOWNVOTE', DEFAULT, 4),
(954, 48, 'UPVOTE', DEFAULT, 1),
(955, 48, 'DOWNVOTE', DEFAULT, 4),
(956, 48, 'UPVOTE', DEFAULT, 3),
(957, 48, 'UPVOTE', DEFAULT, 1),
(958, 48, 'UPVOTE', DEFAULT, 5),
(959, 48, 'UPVOTE', DEFAULT, 2),
(960, 48, 'UPVOTE', DEFAULT, 3),
(961, 49, 'DOWNVOTE', DEFAULT, 5),
(962, 49, 'DOWNVOTE', DEFAULT, 2),
(963, 49, 'DOWNVOTE', DEFAULT, 4),
(964, 49, 'UPVOTE', DEFAULT, 3),
(965, 49, 'DOWNVOTE', DEFAULT, 1),
(966, 49, 'DOWNVOTE', DEFAULT, 5),
(967, 49, 'DOWNVOTE', DEFAULT, 1),
(968, 49, 'UPVOTE', DEFAULT, 5),
(969, 49, 'DOWNVOTE', DEFAULT, 2),
(970, 49, 'DOWNVOTE', DEFAULT, 1),
(971, 49, 'UPVOTE', DEFAULT, 1),
(972, 49, 'DOWNVOTE', DEFAULT, 5),
(973, 49, 'UPVOTE', DEFAULT, 4),
(974, 49, 'UPVOTE', DEFAULT, 3),
(975, 49, 'UPVOTE', DEFAULT, 4),
(976, 49, 'DOWNVOTE', DEFAULT, 3),
(977, 49, 'DOWNVOTE', DEFAULT, 5),
(978, 49, 'UPVOTE', DEFAULT, 2),
(979, 49, 'DOWNVOTE', DEFAULT, 2),
(980, 49, 'DOWNVOTE', DEFAULT, 5),
(981, 50, 'UPVOTE', DEFAULT, 1),
(982, 50, 'DOWNVOTE', DEFAULT, 5),
(983, 50, 'DOWNVOTE', DEFAULT, 5),
(984, 50, 'DOWNVOTE', DEFAULT, 2),
(985, 50, 'UPVOTE', DEFAULT, 1),
(986, 50, 'UPVOTE', DEFAULT, 3),
(987, 50, 'DOWNVOTE', DEFAULT, 1),
(988, 50, 'DOWNVOTE', DEFAULT, 3),
(989, 50, 'DOWNVOTE', DEFAULT, 5),
(990, 50, 'DOWNVOTE', DEFAULT, 5),
(991, 50, 'DOWNVOTE', DEFAULT, 3),
(992, 50, 'DOWNVOTE', DEFAULT, 2),
(993, 50, 'DOWNVOTE', DEFAULT, 2),
(994, 50, 'UPVOTE', DEFAULT, 2),
(995, 50, 'DOWNVOTE', DEFAULT, 2),
(996, 50, 'DOWNVOTE', DEFAULT, 1),
(997, 50, 'DOWNVOTE', DEFAULT, 4),
(998, 50, 'UPVOTE', DEFAULT, 5),
(999, 50, 'DOWNVOTE', DEFAULT, 3),
(1000, 50, 'DOWNVOTE', DEFAULT, 3),
(1001, 51, 'DOWNVOTE', DEFAULT, 4),
(1002, 51, 'DOWNVOTE', DEFAULT, 3),
(1003, 51, 'UPVOTE', DEFAULT, 3),
(1004, 51, 'DOWNVOTE', DEFAULT, 4),
(1005, 51, 'DOWNVOTE', DEFAULT, 3),
(1006, 51, 'DOWNVOTE', DEFAULT, 3),
(1007, 51, 'DOWNVOTE', DEFAULT, 3),
(1008, 51, 'DOWNVOTE', DEFAULT, 4),
(1009, 51, 'DOWNVOTE', DEFAULT, 3),
(1010, 51, 'UPVOTE', DEFAULT, 4),
(1011, 51, 'UPVOTE', DEFAULT, 5),
(1012, 51, 'UPVOTE', DEFAULT, 3),
(1013, 51, 'DOWNVOTE', DEFAULT, 1),
(1014, 51, 'DOWNVOTE', DEFAULT, 2),
(1015, 51, 'DOWNVOTE', DEFAULT, 2),
(1016, 51, 'UPVOTE', DEFAULT, 5),
(1017, 51, 'UPVOTE', DEFAULT, 3),
(1018, 51, 'UPVOTE', DEFAULT, 2),
(1019, 51, 'UPVOTE', DEFAULT, 2),
(1020, 51, 'DOWNVOTE', DEFAULT, 1),
(1021, 52, 'UPVOTE', DEFAULT, 5),
(1022, 52, 'UPVOTE', DEFAULT, 5),
(1023, 52, 'UPVOTE', DEFAULT, 5),
(1024, 52, 'UPVOTE', DEFAULT, 5),
(1025, 52, 'DOWNVOTE', DEFAULT, 5),
(1026, 52, 'DOWNVOTE', DEFAULT, 3),
(1027, 52, 'UPVOTE', DEFAULT, 5),
(1028, 52, 'UPVOTE', DEFAULT, 2),
(1029, 52, 'UPVOTE', DEFAULT, 4),
(1030, 52, 'UPVOTE', DEFAULT, 4),
(1031, 52, 'DOWNVOTE', DEFAULT, 1),
(1032, 52, 'UPVOTE', DEFAULT, 5),
(1033, 52, 'UPVOTE', DEFAULT, 5),
(1034, 52, 'UPVOTE', DEFAULT, 1),
(1035, 52, 'DOWNVOTE', DEFAULT, 1),
(1036, 52, 'UPVOTE', DEFAULT, 5),
(1037, 52, 'DOWNVOTE', DEFAULT, 2),
(1038, 52, 'UPVOTE', DEFAULT, 5),
(1039, 52, 'DOWNVOTE', DEFAULT, 5),
(1040, 52, 'DOWNVOTE', DEFAULT, 2),
(1041, 53, 'DOWNVOTE', DEFAULT, 3),
(1042, 53, 'DOWNVOTE', DEFAULT, 3),
(1043, 53, 'DOWNVOTE', DEFAULT, 2),
(1044, 53, 'DOWNVOTE', DEFAULT, 4),
(1045, 53, 'UPVOTE', DEFAULT, 4),
(1046, 53, 'UPVOTE', DEFAULT, 4),
(1047, 53, 'UPVOTE', DEFAULT, 1),
(1048, 53, 'UPVOTE', DEFAULT, 5),
(1049, 53, 'UPVOTE', DEFAULT, 2),
(1050, 53, 'DOWNVOTE', DEFAULT, 5),
(1051, 53, 'DOWNVOTE', DEFAULT, 5),
(1052, 53, 'UPVOTE', DEFAULT, 2),
(1053, 53, 'UPVOTE', DEFAULT, 1),
(1054, 53, 'UPVOTE', DEFAULT, 5),
(1055, 53, 'DOWNVOTE', DEFAULT, 4),
(1056, 53, 'UPVOTE', DEFAULT, 4),
(1057, 53, 'UPVOTE', DEFAULT, 2),
(1058, 53, 'UPVOTE', DEFAULT, 1),
(1059, 53, 'DOWNVOTE', DEFAULT, 1),
(1060, 53, 'DOWNVOTE', DEFAULT, 3),
(1061, 54, 'DOWNVOTE', DEFAULT, 1),
(1062, 54, 'UPVOTE', DEFAULT, 4),
(1063, 54, 'UPVOTE', DEFAULT, 4),
(1064, 54, 'UPVOTE', DEFAULT, 5),
(1065, 54, 'DOWNVOTE', DEFAULT, 5),
(1066, 54, 'UPVOTE', DEFAULT, 2),
(1067, 54, 'UPVOTE', DEFAULT, 4),
(1068, 54, 'UPVOTE', DEFAULT, 2),
(1069, 54, 'DOWNVOTE', DEFAULT, 4),
(1070, 54, 'UPVOTE', DEFAULT, 2),
(1071, 54, 'DOWNVOTE', DEFAULT, 4),
(1072, 54, 'DOWNVOTE', DEFAULT, 1),
(1073, 54, 'DOWNVOTE', DEFAULT, 1),
(1074, 54, 'DOWNVOTE', DEFAULT, 2),
(1075, 54, 'DOWNVOTE', DEFAULT, 4),
(1076, 54, 'UPVOTE', DEFAULT, 2),
(1077, 54, 'UPVOTE', DEFAULT, 3),
(1078, 54, 'UPVOTE', DEFAULT, 1),
(1079, 54, 'DOWNVOTE', DEFAULT, 2),
(1080, 54, 'DOWNVOTE', DEFAULT, 1),
(1081, 55, 'UPVOTE', DEFAULT, 3),
(1082, 55, 'UPVOTE', DEFAULT, 2),
(1083, 55, 'UPVOTE', DEFAULT, 1),
(1084, 55, 'UPVOTE', DEFAULT, 5),
(1085, 55, 'UPVOTE', DEFAULT, 5),
(1086, 55, 'DOWNVOTE', DEFAULT, 3),
(1087, 55, 'UPVOTE', DEFAULT, 5),
(1088, 55, 'DOWNVOTE', DEFAULT, 3),
(1089, 55, 'UPVOTE', DEFAULT, 1),
(1090, 55, 'DOWNVOTE', DEFAULT, 5),
(1091, 55, 'DOWNVOTE', DEFAULT, 1),
(1092, 55, 'UPVOTE', DEFAULT, 5),
(1093, 55, 'UPVOTE', DEFAULT, 3),
(1094, 55, 'DOWNVOTE', DEFAULT, 1),
(1095, 55, 'DOWNVOTE', DEFAULT, 4),
(1096, 55, 'DOWNVOTE', DEFAULT, 4),
(1097, 55, 'DOWNVOTE', DEFAULT, 1),
(1098, 55, 'UPVOTE', DEFAULT, 1),
(1099, 55, 'DOWNVOTE', DEFAULT, 4),
(1100, 55, 'DOWNVOTE', DEFAULT, 1),
(1101, 56, 'DOWNVOTE', DEFAULT, 3),
(1102, 56, 'DOWNVOTE', DEFAULT, 2),
(1103, 56, 'DOWNVOTE', DEFAULT, 1),
(1104, 56, 'DOWNVOTE', DEFAULT, 4),
(1105, 56, 'UPVOTE', DEFAULT, 3),
(1106, 56, 'UPVOTE', DEFAULT, 4),
(1107, 56, 'DOWNVOTE', DEFAULT, 3),
(1108, 56, 'UPVOTE', DEFAULT, 3),
(1109, 56, 'UPVOTE', DEFAULT, 2),
(1110, 56, 'UPVOTE', DEFAULT, 1),
(1111, 56, 'DOWNVOTE', DEFAULT, 4),
(1112, 56, 'DOWNVOTE', DEFAULT, 4),
(1113, 56, 'DOWNVOTE', DEFAULT, 4),
(1114, 56, 'DOWNVOTE', DEFAULT, 1),
(1115, 56, 'DOWNVOTE', DEFAULT, 2),
(1116, 56, 'DOWNVOTE', DEFAULT, 3),
(1117, 56, 'DOWNVOTE', DEFAULT, 4),
(1118, 56, 'UPVOTE', DEFAULT, 1),
(1119, 56, 'DOWNVOTE', DEFAULT, 5),
(1120, 56, 'UPVOTE', DEFAULT, 4),
(1121, 57, 'UPVOTE', DEFAULT, 2),
(1122, 57, 'UPVOTE', DEFAULT, 1),
(1123, 57, 'UPVOTE', DEFAULT, 4),
(1124, 57, 'DOWNVOTE', DEFAULT, 5),
(1125, 57, 'UPVOTE', DEFAULT, 2),
(1126, 57, 'UPVOTE', DEFAULT, 1),
(1127, 57, 'UPVOTE', DEFAULT, 3),
(1128, 57, 'UPVOTE', DEFAULT, 4),
(1129, 57, 'DOWNVOTE', DEFAULT, 3),
(1130, 57, 'UPVOTE', DEFAULT, 1),
(1131, 57, 'DOWNVOTE', DEFAULT, 3),
(1132, 57, 'UPVOTE', DEFAULT, 4),
(1133, 57, 'UPVOTE', DEFAULT, 5),
(1134, 57, 'DOWNVOTE', DEFAULT, 3),
(1135, 57, 'UPVOTE', DEFAULT, 1),
(1136, 57, 'UPVOTE', DEFAULT, 2),
(1137, 57, 'DOWNVOTE', DEFAULT, 1),
(1138, 57, 'DOWNVOTE', DEFAULT, 4),
(1139, 57, 'DOWNVOTE', DEFAULT, 2),
(1140, 57, 'UPVOTE', DEFAULT, 3),
(1141, 58, 'DOWNVOTE', DEFAULT, 2),
(1142, 58, 'UPVOTE', DEFAULT, 5),
(1143, 58, 'DOWNVOTE', DEFAULT, 4),
(1144, 58, 'DOWNVOTE', DEFAULT, 4),
(1145, 58, 'DOWNVOTE', DEFAULT, 1),
(1146, 58, 'DOWNVOTE', DEFAULT, 4),
(1147, 58, 'UPVOTE', DEFAULT, 3),
(1148, 58, 'DOWNVOTE', DEFAULT, 2),
(1149, 58, 'DOWNVOTE', DEFAULT, 1),
(1150, 58, 'DOWNVOTE', DEFAULT, 3),
(1151, 58, 'DOWNVOTE', DEFAULT, 4),
(1152, 58, 'UPVOTE', DEFAULT, 3),
(1153, 58, 'DOWNVOTE', DEFAULT, 4),
(1154, 58, 'UPVOTE', DEFAULT, 2),
(1155, 58, 'DOWNVOTE', DEFAULT, 5),
(1156, 58, 'DOWNVOTE', DEFAULT, 1),
(1157, 58, 'UPVOTE', DEFAULT, 5),
(1158, 58, 'DOWNVOTE', DEFAULT, 1),
(1159, 58, 'UPVOTE', DEFAULT, 5),
(1160, 58, 'UPVOTE', DEFAULT, 3),
(1161, 59, 'UPVOTE', DEFAULT, 4),
(1162, 59, 'UPVOTE', DEFAULT, 2),
(1163, 59, 'DOWNVOTE', DEFAULT, 2),
(1164, 59, 'DOWNVOTE', DEFAULT, 3),
(1165, 59, 'UPVOTE', DEFAULT, 5),
(1166, 59, 'DOWNVOTE', DEFAULT, 5),
(1167, 59, 'DOWNVOTE', DEFAULT, 3),
(1168, 59, 'DOWNVOTE', DEFAULT, 2),
(1169, 59, 'DOWNVOTE', DEFAULT, 2),
(1170, 59, 'DOWNVOTE', DEFAULT, 4),
(1171, 59, 'UPVOTE', DEFAULT, 4),
(1172, 59, 'UPVOTE', DEFAULT, 1),
(1173, 59, 'UPVOTE', DEFAULT, 2),
(1174, 59, 'UPVOTE', DEFAULT, 3),
(1175, 59, 'UPVOTE', DEFAULT, 3),
(1176, 59, 'DOWNVOTE', DEFAULT, 3),
(1177, 59, 'DOWNVOTE', DEFAULT, 3),
(1178, 59, 'DOWNVOTE', DEFAULT, 1),
(1179, 59, 'UPVOTE', DEFAULT, 3),
(1180, 59, 'DOWNVOTE', DEFAULT, 4),
(1181, 60, 'DOWNVOTE', DEFAULT, 5),
(1182, 60, 'DOWNVOTE', DEFAULT, 5),
(1183, 60, 'DOWNVOTE', DEFAULT, 2),
(1184, 60, 'UPVOTE', DEFAULT, 5),
(1185, 60, 'DOWNVOTE', DEFAULT, 1),
(1186, 60, 'UPVOTE', DEFAULT, 3),
(1187, 60, 'DOWNVOTE', DEFAULT, 2),
(1188, 60, 'DOWNVOTE', DEFAULT, 4),
(1189, 60, 'UPVOTE', DEFAULT, 3),
(1190, 60, 'UPVOTE', DEFAULT, 1),
(1191, 60, 'UPVOTE', DEFAULT, 3),
(1192, 60, 'DOWNVOTE', DEFAULT, 3),
(1193, 60, 'DOWNVOTE', DEFAULT, 4),
(1194, 60, 'DOWNVOTE', DEFAULT, 4),
(1195, 60, 'UPVOTE', DEFAULT, 1),
(1196, 60, 'UPVOTE', DEFAULT, 4),
(1197, 60, 'DOWNVOTE', DEFAULT, 5),
(1198, 60, 'UPVOTE', DEFAULT, 5),
(1199, 60, 'UPVOTE', DEFAULT, 4),
(1200, 60, 'DOWNVOTE', DEFAULT, 5),
(1201, 61, 'DOWNVOTE', DEFAULT, 1),
(1202, 61, 'DOWNVOTE', DEFAULT, 4),
(1203, 61, 'UPVOTE', DEFAULT, 3),
(1204, 61, 'UPVOTE', DEFAULT, 2),
(1205, 61, 'DOWNVOTE', DEFAULT, 2),
(1206, 61, 'UPVOTE', DEFAULT, 1),
(1207, 61, 'UPVOTE', DEFAULT, 3),
(1208, 61, 'UPVOTE', DEFAULT, 5),
(1209, 61, 'UPVOTE', DEFAULT, 5),
(1210, 61, 'UPVOTE', DEFAULT, 1),
(1211, 61, 'UPVOTE', DEFAULT, 2),
(1212, 61, 'UPVOTE', DEFAULT, 5),
(1213, 61, 'UPVOTE', DEFAULT, 3),
(1214, 61, 'UPVOTE', DEFAULT, 5),
(1215, 61, 'UPVOTE', DEFAULT, 3),
(1216, 61, 'UPVOTE', DEFAULT, 4),
(1217, 61, 'DOWNVOTE', DEFAULT, 1),
(1218, 61, 'DOWNVOTE', DEFAULT, 2),
(1219, 61, 'UPVOTE', DEFAULT, 2),
(1220, 61, 'UPVOTE', DEFAULT, 2),
(1221, 62, 'UPVOTE', DEFAULT, 4),
(1222, 62, 'UPVOTE', DEFAULT, 5),
(1223, 62, 'UPVOTE', DEFAULT, 2),
(1224, 62, 'UPVOTE', DEFAULT, 2),
(1225, 62, 'UPVOTE', DEFAULT, 3),
(1226, 62, 'DOWNVOTE', DEFAULT, 4),
(1227, 62, 'UPVOTE', DEFAULT, 4),
(1228, 62, 'DOWNVOTE', DEFAULT, 4),
(1229, 62, 'DOWNVOTE', DEFAULT, 2),
(1230, 62, 'UPVOTE', DEFAULT, 4),
(1231, 62, 'DOWNVOTE', DEFAULT, 5),
(1232, 62, 'UPVOTE', DEFAULT, 2),
(1233, 62, 'UPVOTE', DEFAULT, 5),
(1234, 62, 'UPVOTE', DEFAULT, 2),
(1235, 62, 'DOWNVOTE', DEFAULT, 5),
(1236, 62, 'DOWNVOTE', DEFAULT, 3),
(1237, 62, 'DOWNVOTE', DEFAULT, 2),
(1238, 62, 'DOWNVOTE', DEFAULT, 3),
(1239, 62, 'DOWNVOTE', DEFAULT, 3),
(1240, 62, 'DOWNVOTE', DEFAULT, 4),
(1241, 63, 'DOWNVOTE', DEFAULT, 1),
(1242, 63, 'DOWNVOTE', DEFAULT, 3),
(1243, 63, 'DOWNVOTE', DEFAULT, 1),
(1244, 63, 'DOWNVOTE', DEFAULT, 2),
(1245, 63, 'UPVOTE', DEFAULT, 3),
(1246, 63, 'DOWNVOTE', DEFAULT, 5),
(1247, 63, 'DOWNVOTE', DEFAULT, 4),
(1248, 63, 'DOWNVOTE', DEFAULT, 2),
(1249, 63, 'UPVOTE', DEFAULT, 3),
(1250, 63, 'UPVOTE', DEFAULT, 1),
(1251, 63, 'UPVOTE', DEFAULT, 1),
(1252, 63, 'DOWNVOTE', DEFAULT, 4),
(1253, 63, 'UPVOTE', DEFAULT, 4),
(1254, 63, 'UPVOTE', DEFAULT, 2),
(1255, 63, 'UPVOTE', DEFAULT, 1),
(1256, 63, 'DOWNVOTE', DEFAULT, 5),
(1257, 63, 'DOWNVOTE', DEFAULT, 2),
(1258, 63, 'UPVOTE', DEFAULT, 3),
(1259, 63, 'UPVOTE', DEFAULT, 5),
(1260, 63, 'DOWNVOTE', DEFAULT, 2),
(1261, 64, 'DOWNVOTE', DEFAULT, 4),
(1262, 64, 'DOWNVOTE', DEFAULT, 1),
(1263, 64, 'UPVOTE', DEFAULT, 3),
(1264, 64, 'DOWNVOTE', DEFAULT, 1),
(1265, 64, 'DOWNVOTE', DEFAULT, 4),
(1266, 64, 'DOWNVOTE', DEFAULT, 3),
(1267, 64, 'UPVOTE', DEFAULT, 5),
(1268, 64, 'UPVOTE', DEFAULT, 3),
(1269, 64, 'DOWNVOTE', DEFAULT, 4),
(1270, 64, 'UPVOTE', DEFAULT, 1),
(1271, 64, 'DOWNVOTE', DEFAULT, 2),
(1272, 64, 'DOWNVOTE', DEFAULT, 5),
(1273, 64, 'UPVOTE', DEFAULT, 1),
(1274, 64, 'UPVOTE', DEFAULT, 2),
(1275, 64, 'UPVOTE', DEFAULT, 3),
(1276, 64, 'DOWNVOTE', DEFAULT, 4),
(1277, 64, 'DOWNVOTE', DEFAULT, 3),
(1278, 64, 'DOWNVOTE', DEFAULT, 2),
(1279, 64, 'DOWNVOTE', DEFAULT, 2),
(1280, 64, 'DOWNVOTE', DEFAULT, 3),
(1281, 65, 'DOWNVOTE', DEFAULT, 2),
(1282, 65, 'UPVOTE', DEFAULT, 4),
(1283, 65, 'UPVOTE', DEFAULT, 2),
(1284, 65, 'DOWNVOTE', DEFAULT, 3),
(1285, 65, 'DOWNVOTE', DEFAULT, 2),
(1286, 65, 'DOWNVOTE', DEFAULT, 3),
(1287, 65, 'DOWNVOTE', DEFAULT, 3),
(1288, 65, 'UPVOTE', DEFAULT, 4),
(1289, 65, 'DOWNVOTE', DEFAULT, 5),
(1290, 65, 'DOWNVOTE', DEFAULT, 1),
(1291, 65, 'UPVOTE', DEFAULT, 5),
(1292, 65, 'UPVOTE', DEFAULT, 3),
(1293, 65, 'DOWNVOTE', DEFAULT, 2),
(1294, 65, 'UPVOTE', DEFAULT, 3),
(1295, 65, 'UPVOTE', DEFAULT, 2),
(1296, 65, 'UPVOTE', DEFAULT, 4),
(1297, 65, 'UPVOTE', DEFAULT, 5),
(1298, 65, 'UPVOTE', DEFAULT, 5),
(1299, 65, 'DOWNVOTE', DEFAULT, 3),
(1300, 65, 'DOWNVOTE', DEFAULT, 2),
(1301, 66, 'DOWNVOTE', DEFAULT, 4),
(1302, 66, 'UPVOTE', DEFAULT, 3),
(1303, 66, 'DOWNVOTE', DEFAULT, 3),
(1304, 66, 'DOWNVOTE', DEFAULT, 1),
(1305, 66, 'DOWNVOTE', DEFAULT, 1),
(1306, 66, 'UPVOTE', DEFAULT, 5),
(1307, 66, 'DOWNVOTE', DEFAULT, 1),
(1308, 66, 'DOWNVOTE', DEFAULT, 1),
(1309, 66, 'DOWNVOTE', DEFAULT, 2),
(1310, 66, 'UPVOTE', DEFAULT, 1),
(1311, 66, 'DOWNVOTE', DEFAULT, 4),
(1312, 66, 'UPVOTE', DEFAULT, 5),
(1313, 66, 'DOWNVOTE', DEFAULT, 5),
(1314, 66, 'DOWNVOTE', DEFAULT, 1),
(1315, 66, 'UPVOTE', DEFAULT, 5),
(1316, 66, 'DOWNVOTE', DEFAULT, 5),
(1317, 66, 'DOWNVOTE', DEFAULT, 5),
(1318, 66, 'DOWNVOTE', DEFAULT, 1),
(1319, 66, 'DOWNVOTE', DEFAULT, 2),
(1320, 66, 'DOWNVOTE', DEFAULT, 1),
(1321, 67, 'DOWNVOTE', DEFAULT, 1),
(1322, 67, 'UPVOTE', DEFAULT, 1),
(1323, 67, 'DOWNVOTE', DEFAULT, 2),
(1324, 67, 'DOWNVOTE', DEFAULT, 5),
(1325, 67, 'UPVOTE', DEFAULT, 3),
(1326, 67, 'UPVOTE', DEFAULT, 5),
(1327, 67, 'UPVOTE', DEFAULT, 4),
(1328, 67, 'DOWNVOTE', DEFAULT, 1),
(1329, 67, 'UPVOTE', DEFAULT, 3),
(1330, 67, 'DOWNVOTE', DEFAULT, 3),
(1331, 67, 'UPVOTE', DEFAULT, 3),
(1332, 67, 'DOWNVOTE', DEFAULT, 1),
(1333, 67, 'UPVOTE', DEFAULT, 2),
(1334, 67, 'DOWNVOTE', DEFAULT, 1),
(1335, 67, 'UPVOTE', DEFAULT, 5),
(1336, 67, 'UPVOTE', DEFAULT, 3),
(1337, 67, 'DOWNVOTE', DEFAULT, 2),
(1338, 67, 'UPVOTE', DEFAULT, 5),
(1339, 67, 'UPVOTE', DEFAULT, 5),
(1340, 67, 'UPVOTE', DEFAULT, 2),
(1341, 68, 'DOWNVOTE', DEFAULT, 1),
(1342, 68, 'UPVOTE', DEFAULT, 2),
(1343, 68, 'UPVOTE', DEFAULT, 1),
(1344, 68, 'UPVOTE', DEFAULT, 1),
(1345, 68, 'DOWNVOTE', DEFAULT, 5),
(1346, 68, 'DOWNVOTE', DEFAULT, 5),
(1347, 68, 'DOWNVOTE', DEFAULT, 5),
(1348, 68, 'DOWNVOTE', DEFAULT, 1),
(1349, 68, 'DOWNVOTE', DEFAULT, 2),
(1350, 68, 'UPVOTE', DEFAULT, 1),
(1351, 68, 'UPVOTE', DEFAULT, 1),
(1352, 68, 'UPVOTE', DEFAULT, 5),
(1353, 68, 'DOWNVOTE', DEFAULT, 5),
(1354, 68, 'UPVOTE', DEFAULT, 1),
(1355, 68, 'DOWNVOTE', DEFAULT, 3),
(1356, 68, 'DOWNVOTE', DEFAULT, 1),
(1357, 68, 'DOWNVOTE', DEFAULT, 1),
(1358, 68, 'DOWNVOTE', DEFAULT, 5),
(1359, 68, 'DOWNVOTE', DEFAULT, 2),
(1360, 68, 'UPVOTE', DEFAULT, 1),
(1361, 69, 'DOWNVOTE', DEFAULT, 2),
(1362, 69, 'UPVOTE', DEFAULT, 3),
(1363, 69, 'DOWNVOTE', DEFAULT, 1),
(1364, 69, 'DOWNVOTE', DEFAULT, 1),
(1365, 69, 'DOWNVOTE', DEFAULT, 5),
(1366, 69, 'DOWNVOTE', DEFAULT, 1),
(1367, 69, 'UPVOTE', DEFAULT, 1),
(1368, 69, 'UPVOTE', DEFAULT, 3),
(1369, 69, 'UPVOTE', DEFAULT, 5),
(1370, 69, 'DOWNVOTE', DEFAULT, 5),
(1371, 69, 'DOWNVOTE', DEFAULT, 5),
(1372, 69, 'UPVOTE', DEFAULT, 3),
(1373, 69, 'DOWNVOTE', DEFAULT, 3),
(1374, 69, 'DOWNVOTE', DEFAULT, 4),
(1375, 69, 'UPVOTE', DEFAULT, 2),
(1376, 69, 'DOWNVOTE', DEFAULT, 1),
(1377, 69, 'UPVOTE', DEFAULT, 5),
(1378, 69, 'DOWNVOTE', DEFAULT, 2),
(1379, 69, 'DOWNVOTE', DEFAULT, 3),
(1380, 69, 'UPVOTE', DEFAULT, 1),
(1381, 70, 'UPVOTE', DEFAULT, 2),
(1382, 70, 'DOWNVOTE', DEFAULT, 3),
(1383, 70, 'DOWNVOTE', DEFAULT, 2),
(1384, 70, 'UPVOTE', DEFAULT, 5),
(1385, 70, 'DOWNVOTE', DEFAULT, 5),
(1386, 70, 'DOWNVOTE', DEFAULT, 1),
(1387, 70, 'DOWNVOTE', DEFAULT, 2),
(1388, 70, 'UPVOTE', DEFAULT, 4),
(1389, 70, 'UPVOTE', DEFAULT, 2),
(1390, 70, 'UPVOTE', DEFAULT, 2),
(1391, 70, 'DOWNVOTE', DEFAULT, 5),
(1392, 70, 'UPVOTE', DEFAULT, 1),
(1393, 70, 'UPVOTE', DEFAULT, 2),
(1394, 70, 'UPVOTE', DEFAULT, 2),
(1395, 70, 'UPVOTE', DEFAULT, 1),
(1396, 70, 'DOWNVOTE', DEFAULT, 5),
(1397, 70, 'DOWNVOTE', DEFAULT, 2),
(1398, 70, 'DOWNVOTE', DEFAULT, 5),
(1399, 70, 'UPVOTE', DEFAULT, 5),
(1400, 70, 'DOWNVOTE', DEFAULT, 1),
(1401, 71, 'UPVOTE', DEFAULT, 5),
(1402, 71, 'UPVOTE', DEFAULT, 1),
(1403, 71, 'DOWNVOTE', DEFAULT, 4),
(1404, 71, 'UPVOTE', DEFAULT, 1),
(1405, 71, 'DOWNVOTE', DEFAULT, 1),
(1406, 71, 'UPVOTE', DEFAULT, 2),
(1407, 71, 'DOWNVOTE', DEFAULT, 1),
(1408, 71, 'DOWNVOTE', DEFAULT, 3),
(1409, 71, 'UPVOTE', DEFAULT, 4),
(1410, 71, 'UPVOTE', DEFAULT, 5),
(1411, 71, 'UPVOTE', DEFAULT, 5),
(1412, 71, 'UPVOTE', DEFAULT, 3),
(1413, 71, 'UPVOTE', DEFAULT, 4),
(1414, 71, 'DOWNVOTE', DEFAULT, 3),
(1415, 71, 'DOWNVOTE', DEFAULT, 2),
(1416, 71, 'DOWNVOTE', DEFAULT, 3),
(1417, 71, 'DOWNVOTE', DEFAULT, 3),
(1418, 71, 'UPVOTE', DEFAULT, 2),
(1419, 71, 'UPVOTE', DEFAULT, 3),
(1420, 71, 'DOWNVOTE', DEFAULT, 4),
(1421, 72, 'UPVOTE', DEFAULT, 1),
(1422, 72, 'UPVOTE', DEFAULT, 4),
(1423, 72, 'UPVOTE', DEFAULT, 3),
(1424, 72, 'UPVOTE', DEFAULT, 2),
(1425, 72, 'UPVOTE', DEFAULT, 2),
(1426, 72, 'DOWNVOTE', DEFAULT, 1),
(1427, 72, 'UPVOTE', DEFAULT, 5),
(1428, 72, 'DOWNVOTE', DEFAULT, 1),
(1429, 72, 'DOWNVOTE', DEFAULT, 3),
(1430, 72, 'UPVOTE', DEFAULT, 5),
(1431, 72, 'UPVOTE', DEFAULT, 4),
(1432, 72, 'DOWNVOTE', DEFAULT, 4),
(1433, 72, 'DOWNVOTE', DEFAULT, 1),
(1434, 72, 'DOWNVOTE', DEFAULT, 4),
(1435, 72, 'DOWNVOTE', DEFAULT, 4),
(1436, 72, 'DOWNVOTE', DEFAULT, 1),
(1437, 72, 'UPVOTE', DEFAULT, 2),
(1438, 72, 'UPVOTE', DEFAULT, 5),
(1439, 72, 'DOWNVOTE', DEFAULT, 5),
(1440, 72, 'UPVOTE', DEFAULT, 3),
(1441, 73, 'DOWNVOTE', DEFAULT, 4),
(1442, 73, 'DOWNVOTE', DEFAULT, 3),
(1443, 73, 'UPVOTE', DEFAULT, 1),
(1444, 73, 'UPVOTE', DEFAULT, 3),
(1445, 73, 'DOWNVOTE', DEFAULT, 2),
(1446, 73, 'DOWNVOTE', DEFAULT, 5),
(1447, 73, 'DOWNVOTE', DEFAULT, 1),
(1448, 73, 'UPVOTE', DEFAULT, 2),
(1449, 73, 'DOWNVOTE', DEFAULT, 2),
(1450, 73, 'UPVOTE', DEFAULT, 2),
(1451, 73, 'DOWNVOTE', DEFAULT, 1),
(1452, 73, 'DOWNVOTE', DEFAULT, 4),
(1453, 73, 'DOWNVOTE', DEFAULT, 5),
(1454, 73, 'UPVOTE', DEFAULT, 2),
(1455, 73, 'DOWNVOTE', DEFAULT, 5),
(1456, 73, 'DOWNVOTE', DEFAULT, 2),
(1457, 73, 'DOWNVOTE', DEFAULT, 1),
(1458, 73, 'UPVOTE', DEFAULT, 5),
(1459, 73, 'UPVOTE', DEFAULT, 1),
(1460, 73, 'UPVOTE', DEFAULT, 1),
(1461, 74, 'UPVOTE', DEFAULT, 5),
(1462, 74, 'DOWNVOTE', DEFAULT, 4),
(1463, 74, 'UPVOTE', DEFAULT, 3),
(1464, 74, 'DOWNVOTE', DEFAULT, 3),
(1465, 74, 'DOWNVOTE', DEFAULT, 5),
(1466, 74, 'DOWNVOTE', DEFAULT, 1),
(1467, 74, 'UPVOTE', DEFAULT, 1),
(1468, 74, 'UPVOTE', DEFAULT, 3),
(1469, 74, 'DOWNVOTE', DEFAULT, 2),
(1470, 74, 'UPVOTE', DEFAULT, 5),
(1471, 74, 'UPVOTE', DEFAULT, 4),
(1472, 74, 'DOWNVOTE', DEFAULT, 4),
(1473, 74, 'DOWNVOTE', DEFAULT, 1),
(1474, 74, 'DOWNVOTE', DEFAULT, 3),
(1475, 74, 'UPVOTE', DEFAULT, 5),
(1476, 74, 'UPVOTE', DEFAULT, 1),
(1477, 74, 'DOWNVOTE', DEFAULT, 4),
(1478, 74, 'DOWNVOTE', DEFAULT, 1),
(1479, 74, 'UPVOTE', DEFAULT, 3),
(1480, 74, 'DOWNVOTE', DEFAULT, 4),
(1481, 75, 'DOWNVOTE', DEFAULT, 1),
(1482, 75, 'DOWNVOTE', DEFAULT, 5),
(1483, 75, 'DOWNVOTE', DEFAULT, 4),
(1484, 75, 'DOWNVOTE', DEFAULT, 5),
(1485, 75, 'UPVOTE', DEFAULT, 3),
(1486, 75, 'UPVOTE', DEFAULT, 2),
(1487, 75, 'UPVOTE', DEFAULT, 2),
(1488, 75, 'UPVOTE', DEFAULT, 3),
(1489, 75, 'UPVOTE', DEFAULT, 3),
(1490, 75, 'UPVOTE', DEFAULT, 1),
(1491, 75, 'UPVOTE', DEFAULT, 3),
(1492, 75, 'DOWNVOTE', DEFAULT, 4),
(1493, 75, 'DOWNVOTE', DEFAULT, 5),
(1494, 75, 'UPVOTE', DEFAULT, 1),
(1495, 75, 'UPVOTE', DEFAULT, 1),
(1496, 75, 'UPVOTE', DEFAULT, 1),
(1497, 75, 'DOWNVOTE', DEFAULT, 2),
(1498, 75, 'UPVOTE', DEFAULT, 5),
(1499, 75, 'DOWNVOTE', DEFAULT, 2),
(1500, 75, 'DOWNVOTE', DEFAULT, 4),
(1501, 76, 'UPVOTE', DEFAULT, 4),
(1502, 76, 'UPVOTE', DEFAULT, 1),
(1503, 76, 'DOWNVOTE', DEFAULT, 2),
(1504, 76, 'UPVOTE', DEFAULT, 3),
(1505, 76, 'UPVOTE', DEFAULT, 3),
(1506, 76, 'DOWNVOTE', DEFAULT, 4),
(1507, 76, 'DOWNVOTE', DEFAULT, 5),
(1508, 76, 'UPVOTE', DEFAULT, 3),
(1509, 76, 'DOWNVOTE', DEFAULT, 1),
(1510, 76, 'DOWNVOTE', DEFAULT, 1),
(1511, 76, 'UPVOTE', DEFAULT, 3),
(1512, 76, 'DOWNVOTE', DEFAULT, 3),
(1513, 76, 'UPVOTE', DEFAULT, 1),
(1514, 76, 'UPVOTE', DEFAULT, 4),
(1515, 76, 'DOWNVOTE', DEFAULT, 4),
(1516, 76, 'UPVOTE', DEFAULT, 1),
(1517, 76, 'DOWNVOTE', DEFAULT, 5),
(1518, 76, 'UPVOTE', DEFAULT, 4),
(1519, 76, 'DOWNVOTE', DEFAULT, 3),
(1520, 76, 'UPVOTE', DEFAULT, 4),
(1521, 77, 'DOWNVOTE', DEFAULT, 5),
(1522, 77, 'UPVOTE', DEFAULT, 1),
(1523, 77, 'UPVOTE', DEFAULT, 1),
(1524, 77, 'DOWNVOTE', DEFAULT, 2),
(1525, 77, 'UPVOTE', DEFAULT, 4),
(1526, 77, 'DOWNVOTE', DEFAULT, 2),
(1527, 77, 'UPVOTE', DEFAULT, 2),
(1528, 77, 'DOWNVOTE', DEFAULT, 2),
(1529, 77, 'DOWNVOTE', DEFAULT, 1),
(1530, 77, 'UPVOTE', DEFAULT, 5),
(1531, 77, 'UPVOTE', DEFAULT, 5),
(1532, 77, 'UPVOTE', DEFAULT, 3),
(1533, 77, 'DOWNVOTE', DEFAULT, 1),
(1534, 77, 'DOWNVOTE', DEFAULT, 2),
(1535, 77, 'UPVOTE', DEFAULT, 1),
(1536, 77, 'UPVOTE', DEFAULT, 2),
(1537, 77, 'UPVOTE', DEFAULT, 5),
(1538, 77, 'UPVOTE', DEFAULT, 5),
(1539, 77, 'UPVOTE', DEFAULT, 3),
(1540, 77, 'UPVOTE', DEFAULT, 4),
(1541, 78, 'DOWNVOTE', DEFAULT, 5),
(1542, 78, 'UPVOTE', DEFAULT, 1),
(1543, 78, 'UPVOTE', DEFAULT, 1),
(1544, 78, 'UPVOTE', DEFAULT, 1),
(1545, 78, 'DOWNVOTE', DEFAULT, 2),
(1546, 78, 'DOWNVOTE', DEFAULT, 1),
(1547, 78, 'DOWNVOTE', DEFAULT, 3),
(1548, 78, 'UPVOTE', DEFAULT, 4),
(1549, 78, 'UPVOTE', DEFAULT, 1),
(1550, 78, 'DOWNVOTE', DEFAULT, 5),
(1551, 78, 'DOWNVOTE', DEFAULT, 2),
(1552, 78, 'DOWNVOTE', DEFAULT, 2),
(1553, 78, 'UPVOTE', DEFAULT, 2),
(1554, 78, 'DOWNVOTE', DEFAULT, 4),
(1555, 78, 'DOWNVOTE', DEFAULT, 5),
(1556, 78, 'DOWNVOTE', DEFAULT, 3),
(1557, 78, 'DOWNVOTE', DEFAULT, 3),
(1558, 78, 'DOWNVOTE', DEFAULT, 3),
(1559, 78, 'DOWNVOTE', DEFAULT, 3),
(1560, 78, 'DOWNVOTE', DEFAULT, 4),
(1561, 79, 'DOWNVOTE', DEFAULT, 3),
(1562, 79, 'UPVOTE', DEFAULT, 3),
(1563, 79, 'UPVOTE', DEFAULT, 1),
(1564, 79, 'DOWNVOTE', DEFAULT, 4),
(1565, 79, 'UPVOTE', DEFAULT, 1),
(1566, 79, 'UPVOTE', DEFAULT, 2),
(1567, 79, 'DOWNVOTE', DEFAULT, 4),
(1568, 79, 'UPVOTE', DEFAULT, 1),
(1569, 79, 'UPVOTE', DEFAULT, 4),
(1570, 79, 'UPVOTE', DEFAULT, 1),
(1571, 79, 'DOWNVOTE', DEFAULT, 2),
(1572, 79, 'UPVOTE', DEFAULT, 1),
(1573, 79, 'DOWNVOTE', DEFAULT, 3),
(1574, 79, 'UPVOTE', DEFAULT, 5),
(1575, 79, 'UPVOTE', DEFAULT, 4),
(1576, 79, 'DOWNVOTE', DEFAULT, 3),
(1577, 79, 'DOWNVOTE', DEFAULT, 5),
(1578, 79, 'UPVOTE', DEFAULT, 5),
(1579, 79, 'UPVOTE', DEFAULT, 4),
(1580, 79, 'DOWNVOTE', DEFAULT, 4),
(1581, 80, 'UPVOTE', DEFAULT, 2),
(1582, 80, 'DOWNVOTE', DEFAULT, 3),
(1583, 80, 'UPVOTE', DEFAULT, 1),
(1584, 80, 'DOWNVOTE', DEFAULT, 4),
(1585, 80, 'UPVOTE', DEFAULT, 2),
(1586, 80, 'UPVOTE', DEFAULT, 4),
(1587, 80, 'DOWNVOTE', DEFAULT, 3),
(1588, 80, 'UPVOTE', DEFAULT, 5),
(1589, 80, 'UPVOTE', DEFAULT, 2),
(1590, 80, 'DOWNVOTE', DEFAULT, 3),
(1591, 80, 'DOWNVOTE', DEFAULT, 5),
(1592, 80, 'DOWNVOTE', DEFAULT, 3),
(1593, 80, 'DOWNVOTE', DEFAULT, 2),
(1594, 80, 'UPVOTE', DEFAULT, 4),
(1595, 80, 'UPVOTE', DEFAULT, 5),
(1596, 80, 'UPVOTE', DEFAULT, 5),
(1597, 80, 'UPVOTE', DEFAULT, 5),
(1598, 80, 'UPVOTE', DEFAULT, 2),
(1599, 80, 'DOWNVOTE', DEFAULT, 4),
(1600, 80, 'UPVOTE', DEFAULT, 4),
(1601, 81, 'UPVOTE', DEFAULT, 2),
(1602, 81, 'UPVOTE', DEFAULT, 4),
(1603, 81, 'UPVOTE', DEFAULT, 3),
(1604, 81, 'UPVOTE', DEFAULT, 3),
(1605, 81, 'UPVOTE', DEFAULT, 2),
(1606, 81, 'UPVOTE', DEFAULT, 3),
(1607, 81, 'DOWNVOTE', DEFAULT, 1),
(1608, 81, 'DOWNVOTE', DEFAULT, 2),
(1609, 81, 'DOWNVOTE', DEFAULT, 3),
(1610, 81, 'UPVOTE', DEFAULT, 5),
(1611, 81, 'DOWNVOTE', DEFAULT, 3),
(1612, 81, 'DOWNVOTE', DEFAULT, 5),
(1613, 81, 'DOWNVOTE', DEFAULT, 5),
(1614, 81, 'UPVOTE', DEFAULT, 1),
(1615, 81, 'DOWNVOTE', DEFAULT, 3),
(1616, 81, 'DOWNVOTE', DEFAULT, 5),
(1617, 81, 'UPVOTE', DEFAULT, 4),
(1618, 81, 'DOWNVOTE', DEFAULT, 3),
(1619, 81, 'DOWNVOTE', DEFAULT, 1),
(1620, 81, 'DOWNVOTE', DEFAULT, 3),
(1621, 82, 'DOWNVOTE', DEFAULT, 4),
(1622, 82, 'UPVOTE', DEFAULT, 4),
(1623, 82, 'UPVOTE', DEFAULT, 2),
(1624, 82, 'DOWNVOTE', DEFAULT, 5),
(1625, 82, 'UPVOTE', DEFAULT, 2),
(1626, 82, 'UPVOTE', DEFAULT, 1),
(1627, 82, 'UPVOTE', DEFAULT, 5),
(1628, 82, 'DOWNVOTE', DEFAULT, 2),
(1629, 82, 'DOWNVOTE', DEFAULT, 2),
(1630, 82, 'UPVOTE', DEFAULT, 5),
(1631, 82, 'UPVOTE', DEFAULT, 4),
(1632, 82, 'DOWNVOTE', DEFAULT, 5),
(1633, 82, 'UPVOTE', DEFAULT, 5),
(1634, 82, 'UPVOTE', DEFAULT, 1),
(1635, 82, 'UPVOTE', DEFAULT, 2),
(1636, 82, 'DOWNVOTE', DEFAULT, 2),
(1637, 82, 'DOWNVOTE', DEFAULT, 2),
(1638, 82, 'UPVOTE', DEFAULT, 2),
(1639, 82, 'DOWNVOTE', DEFAULT, 4),
(1640, 82, 'DOWNVOTE', DEFAULT, 5),
(1641, 83, 'UPVOTE', DEFAULT, 2),
(1642, 83, 'UPVOTE', DEFAULT, 4),
(1643, 83, 'DOWNVOTE', DEFAULT, 2),
(1644, 83, 'DOWNVOTE', DEFAULT, 3),
(1645, 83, 'DOWNVOTE', DEFAULT, 1),
(1646, 83, 'DOWNVOTE', DEFAULT, 4),
(1647, 83, 'UPVOTE', DEFAULT, 5),
(1648, 83, 'UPVOTE', DEFAULT, 5),
(1649, 83, 'UPVOTE', DEFAULT, 3),
(1650, 83, 'DOWNVOTE', DEFAULT, 4),
(1651, 83, 'UPVOTE', DEFAULT, 4),
(1652, 83, 'UPVOTE', DEFAULT, 4),
(1653, 83, 'DOWNVOTE', DEFAULT, 2),
(1654, 83, 'DOWNVOTE', DEFAULT, 3),
(1655, 83, 'DOWNVOTE', DEFAULT, 4),
(1656, 83, 'DOWNVOTE', DEFAULT, 5),
(1657, 83, 'DOWNVOTE', DEFAULT, 2),
(1658, 83, 'DOWNVOTE', DEFAULT, 2),
(1659, 83, 'DOWNVOTE', DEFAULT, 1),
(1660, 83, 'UPVOTE', DEFAULT, 2),
(1661, 84, 'DOWNVOTE', DEFAULT, 4),
(1662, 84, 'UPVOTE', DEFAULT, 4),
(1663, 84, 'DOWNVOTE', DEFAULT, 3),
(1664, 84, 'DOWNVOTE', DEFAULT, 2),
(1665, 84, 'UPVOTE', DEFAULT, 3),
(1666, 84, 'UPVOTE', DEFAULT, 5),
(1667, 84, 'UPVOTE', DEFAULT, 1),
(1668, 84, 'DOWNVOTE', DEFAULT, 2),
(1669, 84, 'DOWNVOTE', DEFAULT, 4),
(1670, 84, 'DOWNVOTE', DEFAULT, 2),
(1671, 84, 'UPVOTE', DEFAULT, 3),
(1672, 84, 'DOWNVOTE', DEFAULT, 2),
(1673, 84, 'DOWNVOTE', DEFAULT, 1),
(1674, 84, 'DOWNVOTE', DEFAULT, 4),
(1675, 84, 'DOWNVOTE', DEFAULT, 2),
(1676, 84, 'UPVOTE', DEFAULT, 1),
(1677, 84, 'DOWNVOTE', DEFAULT, 4),
(1678, 84, 'UPVOTE', DEFAULT, 2),
(1679, 84, 'UPVOTE', DEFAULT, 3),
(1680, 84, 'UPVOTE', DEFAULT, 4),
(1681, 85, 'DOWNVOTE', DEFAULT, 3),
(1682, 85, 'DOWNVOTE', DEFAULT, 4),
(1683, 85, 'DOWNVOTE', DEFAULT, 3),
(1684, 85, 'DOWNVOTE', DEFAULT, 5),
(1685, 85, 'UPVOTE', DEFAULT, 2),
(1686, 85, 'UPVOTE', DEFAULT, 2),
(1687, 85, 'DOWNVOTE', DEFAULT, 5),
(1688, 85, 'DOWNVOTE', DEFAULT, 5),
(1689, 85, 'DOWNVOTE', DEFAULT, 1),
(1690, 85, 'DOWNVOTE', DEFAULT, 2),
(1691, 85, 'UPVOTE', DEFAULT, 5),
(1692, 85, 'UPVOTE', DEFAULT, 2),
(1693, 85, 'DOWNVOTE', DEFAULT, 4),
(1694, 85, 'UPVOTE', DEFAULT, 3),
(1695, 85, 'DOWNVOTE', DEFAULT, 3),
(1696, 85, 'UPVOTE', DEFAULT, 4),
(1697, 85, 'DOWNVOTE', DEFAULT, 3),
(1698, 85, 'UPVOTE', DEFAULT, 4),
(1699, 85, 'UPVOTE', DEFAULT, 4),
(1700, 85, 'UPVOTE', DEFAULT, 5),
(1701, 86, 'UPVOTE', DEFAULT, 2),
(1702, 86, 'DOWNVOTE', DEFAULT, 2),
(1703, 86, 'UPVOTE', DEFAULT, 1),
(1704, 86, 'UPVOTE', DEFAULT, 1),
(1705, 86, 'DOWNVOTE', DEFAULT, 5),
(1706, 86, 'UPVOTE', DEFAULT, 5),
(1707, 86, 'UPVOTE', DEFAULT, 2),
(1708, 86, 'DOWNVOTE', DEFAULT, 4),
(1709, 86, 'DOWNVOTE', DEFAULT, 3),
(1710, 86, 'UPVOTE', DEFAULT, 5),
(1711, 86, 'DOWNVOTE', DEFAULT, 2),
(1712, 86, 'UPVOTE', DEFAULT, 2),
(1713, 86, 'UPVOTE', DEFAULT, 5),
(1714, 86, 'UPVOTE', DEFAULT, 1),
(1715, 86, 'UPVOTE', DEFAULT, 4),
(1716, 86, 'DOWNVOTE', DEFAULT, 5),
(1717, 86, 'DOWNVOTE', DEFAULT, 5),
(1718, 86, 'UPVOTE', DEFAULT, 3),
(1719, 86, 'UPVOTE', DEFAULT, 3),
(1720, 86, 'DOWNVOTE', DEFAULT, 3),
(1721, 87, 'DOWNVOTE', DEFAULT, 4),
(1722, 87, 'UPVOTE', DEFAULT, 5),
(1723, 87, 'UPVOTE', DEFAULT, 2),
(1724, 87, 'UPVOTE', DEFAULT, 3),
(1725, 87, 'UPVOTE', DEFAULT, 4),
(1726, 87, 'DOWNVOTE', DEFAULT, 1),
(1727, 87, 'DOWNVOTE', DEFAULT, 1),
(1728, 87, 'DOWNVOTE', DEFAULT, 1),
(1729, 87, 'DOWNVOTE', DEFAULT, 3),
(1730, 87, 'UPVOTE', DEFAULT, 5),
(1731, 87, 'UPVOTE', DEFAULT, 2),
(1732, 87, 'UPVOTE', DEFAULT, 5),
(1733, 87, 'DOWNVOTE', DEFAULT, 3),
(1734, 87, 'DOWNVOTE', DEFAULT, 5),
(1735, 87, 'DOWNVOTE', DEFAULT, 1),
(1736, 87, 'UPVOTE', DEFAULT, 2),
(1737, 87, 'DOWNVOTE', DEFAULT, 2),
(1738, 87, 'UPVOTE', DEFAULT, 1),
(1739, 87, 'UPVOTE', DEFAULT, 3),
(1740, 87, 'UPVOTE', DEFAULT, 1),
(1741, 88, 'DOWNVOTE', DEFAULT, 2),
(1742, 88, 'UPVOTE', DEFAULT, 1),
(1743, 88, 'DOWNVOTE', DEFAULT, 5),
(1744, 88, 'DOWNVOTE', DEFAULT, 5),
(1745, 88, 'UPVOTE', DEFAULT, 4),
(1746, 88, 'UPVOTE', DEFAULT, 3),
(1747, 88, 'UPVOTE', DEFAULT, 2),
(1748, 88, 'UPVOTE', DEFAULT, 5),
(1749, 88, 'DOWNVOTE', DEFAULT, 2),
(1750, 88, 'UPVOTE', DEFAULT, 1),
(1751, 88, 'UPVOTE', DEFAULT, 3),
(1752, 88, 'UPVOTE', DEFAULT, 3),
(1753, 88, 'DOWNVOTE', DEFAULT, 3),
(1754, 88, 'DOWNVOTE', DEFAULT, 1),
(1755, 88, 'DOWNVOTE', DEFAULT, 1),
(1756, 88, 'DOWNVOTE', DEFAULT, 1),
(1757, 88, 'DOWNVOTE', DEFAULT, 2),
(1758, 88, 'DOWNVOTE', DEFAULT, 5),
(1759, 88, 'UPVOTE', DEFAULT, 3),
(1760, 88, 'DOWNVOTE', DEFAULT, 1),
(1761, 89, 'UPVOTE', DEFAULT, 3),
(1762, 89, 'DOWNVOTE', DEFAULT, 4),
(1763, 89, 'UPVOTE', DEFAULT, 4),
(1764, 89, 'UPVOTE', DEFAULT, 2),
(1765, 89, 'DOWNVOTE', DEFAULT, 4),
(1766, 89, 'UPVOTE', DEFAULT, 4),
(1767, 89, 'DOWNVOTE', DEFAULT, 3),
(1768, 89, 'UPVOTE', DEFAULT, 2),
(1769, 89, 'UPVOTE', DEFAULT, 2),
(1770, 89, 'UPVOTE', DEFAULT, 4),
(1771, 89, 'UPVOTE', DEFAULT, 3),
(1772, 89, 'DOWNVOTE', DEFAULT, 1),
(1773, 89, 'DOWNVOTE', DEFAULT, 3),
(1774, 89, 'UPVOTE', DEFAULT, 3),
(1775, 89, 'UPVOTE', DEFAULT, 2),
(1776, 89, 'UPVOTE', DEFAULT, 2),
(1777, 89, 'UPVOTE', DEFAULT, 2),
(1778, 89, 'DOWNVOTE', DEFAULT, 4),
(1779, 89, 'UPVOTE', DEFAULT, 2),
(1780, 89, 'UPVOTE', DEFAULT, 3),
(1781, 90, 'DOWNVOTE', DEFAULT, 5),
(1782, 90, 'DOWNVOTE', DEFAULT, 2),
(1783, 90, 'DOWNVOTE', DEFAULT, 1),
(1784, 90, 'DOWNVOTE', DEFAULT, 1),
(1785, 90, 'DOWNVOTE', DEFAULT, 5),
(1786, 90, 'UPVOTE', DEFAULT, 4),
(1787, 90, 'UPVOTE', DEFAULT, 3),
(1788, 90, 'UPVOTE', DEFAULT, 3),
(1789, 90, 'UPVOTE', DEFAULT, 2),
(1790, 90, 'UPVOTE', DEFAULT, 4),
(1791, 90, 'UPVOTE', DEFAULT, 1),
(1792, 90, 'DOWNVOTE', DEFAULT, 2),
(1793, 90, 'UPVOTE', DEFAULT, 1),
(1794, 90, 'DOWNVOTE', DEFAULT, 4),
(1795, 90, 'DOWNVOTE', DEFAULT, 3),
(1796, 90, 'UPVOTE', DEFAULT, 4),
(1797, 90, 'DOWNVOTE', DEFAULT, 4),
(1798, 90, 'UPVOTE', DEFAULT, 3),
(1799, 90, 'DOWNVOTE', DEFAULT, 5),
(1800, 90, 'DOWNVOTE', DEFAULT, 1),
(1801, 91, 'DOWNVOTE', DEFAULT, 4),
(1802, 91, 'DOWNVOTE', DEFAULT, 1),
(1803, 91, 'DOWNVOTE', DEFAULT, 1),
(1804, 91, 'DOWNVOTE', DEFAULT, 1),
(1805, 91, 'UPVOTE', DEFAULT, 1),
(1806, 91, 'UPVOTE', DEFAULT, 3),
(1807, 91, 'DOWNVOTE', DEFAULT, 5),
(1808, 91, 'DOWNVOTE', DEFAULT, 1),
(1809, 91, 'DOWNVOTE', DEFAULT, 5),
(1810, 91, 'UPVOTE', DEFAULT, 4),
(1811, 91, 'DOWNVOTE', DEFAULT, 5),
(1812, 91, 'UPVOTE', DEFAULT, 3),
(1813, 91, 'UPVOTE', DEFAULT, 1),
(1814, 91, 'UPVOTE', DEFAULT, 2),
(1815, 91, 'DOWNVOTE', DEFAULT, 2),
(1816, 91, 'UPVOTE', DEFAULT, 4),
(1817, 91, 'DOWNVOTE', DEFAULT, 4),
(1818, 91, 'UPVOTE', DEFAULT, 5),
(1819, 91, 'UPVOTE', DEFAULT, 3),
(1820, 91, 'DOWNVOTE', DEFAULT, 4),
(1821, 92, 'UPVOTE', DEFAULT, 1),
(1822, 92, 'UPVOTE', DEFAULT, 1),
(1823, 92, 'DOWNVOTE', DEFAULT, 2),
(1824, 92, 'UPVOTE', DEFAULT, 2),
(1825, 92, 'UPVOTE', DEFAULT, 3),
(1826, 92, 'DOWNVOTE', DEFAULT, 4),
(1827, 92, 'UPVOTE', DEFAULT, 4),
(1828, 92, 'UPVOTE', DEFAULT, 5),
(1829, 92, 'UPVOTE', DEFAULT, 4),
(1830, 92, 'DOWNVOTE', DEFAULT, 1),
(1831, 92, 'DOWNVOTE', DEFAULT, 1),
(1832, 92, 'DOWNVOTE', DEFAULT, 1),
(1833, 92, 'DOWNVOTE', DEFAULT, 5),
(1834, 92, 'UPVOTE', DEFAULT, 4),
(1835, 92, 'UPVOTE', DEFAULT, 5),
(1836, 92, 'DOWNVOTE', DEFAULT, 3),
(1837, 92, 'UPVOTE', DEFAULT, 4),
(1838, 92, 'DOWNVOTE', DEFAULT, 4),
(1839, 92, 'UPVOTE', DEFAULT, 5),
(1840, 92, 'DOWNVOTE', DEFAULT, 3),
(1841, 93, 'UPVOTE', DEFAULT, 4),
(1842, 93, 'UPVOTE', DEFAULT, 3),
(1843, 93, 'DOWNVOTE', DEFAULT, 3),
(1844, 93, 'UPVOTE', DEFAULT, 2),
(1845, 93, 'DOWNVOTE', DEFAULT, 4),
(1846, 93, 'DOWNVOTE', DEFAULT, 5),
(1847, 93, 'UPVOTE', DEFAULT, 2),
(1848, 93, 'DOWNVOTE', DEFAULT, 5),
(1849, 93, 'DOWNVOTE', DEFAULT, 3),
(1850, 93, 'DOWNVOTE', DEFAULT, 2),
(1851, 93, 'DOWNVOTE', DEFAULT, 2),
(1852, 93, 'DOWNVOTE', DEFAULT, 3),
(1853, 93, 'UPVOTE', DEFAULT, 2),
(1854, 93, 'DOWNVOTE', DEFAULT, 1),
(1855, 93, 'UPVOTE', DEFAULT, 5),
(1856, 93, 'UPVOTE', DEFAULT, 3),
(1857, 93, 'UPVOTE', DEFAULT, 1),
(1858, 93, 'UPVOTE', DEFAULT, 4),
(1859, 93, 'UPVOTE', DEFAULT, 3),
(1860, 93, 'UPVOTE', DEFAULT, 4),
(1861, 94, 'DOWNVOTE', DEFAULT, 5),
(1862, 94, 'UPVOTE', DEFAULT, 1),
(1863, 94, 'UPVOTE', DEFAULT, 5),
(1864, 94, 'DOWNVOTE', DEFAULT, 4),
(1865, 94, 'DOWNVOTE', DEFAULT, 2),
(1866, 94, 'DOWNVOTE', DEFAULT, 4),
(1867, 94, 'DOWNVOTE', DEFAULT, 4),
(1868, 94, 'UPVOTE', DEFAULT, 2),
(1869, 94, 'UPVOTE', DEFAULT, 5),
(1870, 94, 'UPVOTE', DEFAULT, 2),
(1871, 94, 'UPVOTE', DEFAULT, 5),
(1872, 94, 'DOWNVOTE', DEFAULT, 2),
(1873, 94, 'DOWNVOTE', DEFAULT, 5),
(1874, 94, 'DOWNVOTE', DEFAULT, 5),
(1875, 94, 'DOWNVOTE', DEFAULT, 4),
(1876, 94, 'DOWNVOTE', DEFAULT, 2),
(1877, 94, 'UPVOTE', DEFAULT, 5),
(1878, 94, 'UPVOTE', DEFAULT, 2),
(1879, 94, 'UPVOTE', DEFAULT, 2),
(1880, 94, 'UPVOTE', DEFAULT, 5),
(1881, 95, 'UPVOTE', DEFAULT, 5),
(1882, 95, 'DOWNVOTE', DEFAULT, 4),
(1883, 95, 'UPVOTE', DEFAULT, 1),
(1884, 95, 'UPVOTE', DEFAULT, 1),
(1885, 95, 'DOWNVOTE', DEFAULT, 4),
(1886, 95, 'UPVOTE', DEFAULT, 2),
(1887, 95, 'UPVOTE', DEFAULT, 3),
(1888, 95, 'DOWNVOTE', DEFAULT, 5),
(1889, 95, 'DOWNVOTE', DEFAULT, 5),
(1890, 95, 'UPVOTE', DEFAULT, 1),
(1891, 95, 'UPVOTE', DEFAULT, 5),
(1892, 95, 'UPVOTE', DEFAULT, 5),
(1893, 95, 'UPVOTE', DEFAULT, 3),
(1894, 95, 'UPVOTE', DEFAULT, 2),
(1895, 95, 'UPVOTE', DEFAULT, 5),
(1896, 95, 'DOWNVOTE', DEFAULT, 5),
(1897, 95, 'DOWNVOTE', DEFAULT, 4),
(1898, 95, 'UPVOTE', DEFAULT, 3),
(1899, 95, 'DOWNVOTE', DEFAULT, 5),
(1900, 95, 'DOWNVOTE', DEFAULT, 3),
(1901, 96, 'UPVOTE', DEFAULT, 3),
(1902, 96, 'UPVOTE', DEFAULT, 4),
(1903, 96, 'DOWNVOTE', DEFAULT, 4),
(1904, 96, 'DOWNVOTE', DEFAULT, 3),
(1905, 96, 'UPVOTE', DEFAULT, 1),
(1906, 96, 'UPVOTE', DEFAULT, 1),
(1907, 96, 'UPVOTE', DEFAULT, 5),
(1908, 96, 'UPVOTE', DEFAULT, 3),
(1909, 96, 'DOWNVOTE', DEFAULT, 4),
(1910, 96, 'UPVOTE', DEFAULT, 4),
(1911, 96, 'UPVOTE', DEFAULT, 4),
(1912, 96, 'DOWNVOTE', DEFAULT, 3),
(1913, 96, 'DOWNVOTE', DEFAULT, 4),
(1914, 96, 'UPVOTE', DEFAULT, 1),
(1915, 96, 'UPVOTE', DEFAULT, 4),
(1916, 96, 'DOWNVOTE', DEFAULT, 4),
(1917, 96, 'UPVOTE', DEFAULT, 5),
(1918, 96, 'DOWNVOTE', DEFAULT, 5),
(1919, 96, 'UPVOTE', DEFAULT, 1),
(1920, 96, 'UPVOTE', DEFAULT, 3),
(1921, 97, 'DOWNVOTE', DEFAULT, 5),
(1922, 97, 'UPVOTE', DEFAULT, 4),
(1923, 97, 'UPVOTE', DEFAULT, 2),
(1924, 97, 'DOWNVOTE', DEFAULT, 4),
(1925, 97, 'UPVOTE', DEFAULT, 2),
(1926, 97, 'DOWNVOTE', DEFAULT, 5),
(1927, 97, 'DOWNVOTE', DEFAULT, 1),
(1928, 97, 'DOWNVOTE', DEFAULT, 2),
(1929, 97, 'DOWNVOTE', DEFAULT, 1),
(1930, 97, 'UPVOTE', DEFAULT, 3),
(1931, 97, 'UPVOTE', DEFAULT, 1),
(1932, 97, 'DOWNVOTE', DEFAULT, 4),
(1933, 97, 'UPVOTE', DEFAULT, 4),
(1934, 97, 'UPVOTE', DEFAULT, 5),
(1935, 97, 'DOWNVOTE', DEFAULT, 5),
(1936, 97, 'DOWNVOTE', DEFAULT, 5),
(1937, 97, 'UPVOTE', DEFAULT, 4),
(1938, 97, 'UPVOTE', DEFAULT, 3),
(1939, 97, 'UPVOTE', DEFAULT, 5),
(1940, 97, 'DOWNVOTE', DEFAULT, 5),
(1941, 98, 'UPVOTE', DEFAULT, 5),
(1942, 98, 'DOWNVOTE', DEFAULT, 3),
(1943, 98, 'UPVOTE', DEFAULT, 4),
(1944, 98, 'DOWNVOTE', DEFAULT, 5),
(1945, 98, 'DOWNVOTE', DEFAULT, 1),
(1946, 98, 'DOWNVOTE', DEFAULT, 4),
(1947, 98, 'DOWNVOTE', DEFAULT, 2),
(1948, 98, 'UPVOTE', DEFAULT, 2),
(1949, 98, 'DOWNVOTE', DEFAULT, 3),
(1950, 98, 'DOWNVOTE', DEFAULT, 2),
(1951, 98, 'UPVOTE', DEFAULT, 5),
(1952, 98, 'UPVOTE', DEFAULT, 5),
(1953, 98, 'DOWNVOTE', DEFAULT, 2),
(1954, 98, 'UPVOTE', DEFAULT, 2),
(1955, 98, 'UPVOTE', DEFAULT, 5),
(1956, 98, 'UPVOTE', DEFAULT, 4),
(1957, 98, 'DOWNVOTE', DEFAULT, 2),
(1958, 98, 'DOWNVOTE', DEFAULT, 1),
(1959, 98, 'UPVOTE', DEFAULT, 4),
(1960, 98, 'DOWNVOTE', DEFAULT, 2),
(1961, 99, 'UPVOTE', DEFAULT, 5),
(1962, 99, 'DOWNVOTE', DEFAULT, 2),
(1963, 99, 'UPVOTE', DEFAULT, 2),
(1964, 99, 'DOWNVOTE', DEFAULT, 4),
(1965, 99, 'DOWNVOTE', DEFAULT, 1),
(1966, 99, 'UPVOTE', DEFAULT, 2),
(1967, 99, 'UPVOTE', DEFAULT, 3),
(1968, 99, 'UPVOTE', DEFAULT, 5),
(1969, 99, 'DOWNVOTE', DEFAULT, 4),
(1970, 99, 'UPVOTE', DEFAULT, 4),
(1971, 99, 'UPVOTE', DEFAULT, 4),
(1972, 99, 'UPVOTE', DEFAULT, 5),
(1973, 99, 'UPVOTE', DEFAULT, 3),
(1974, 99, 'DOWNVOTE', DEFAULT, 4),
(1975, 99, 'DOWNVOTE', DEFAULT, 1),
(1976, 99, 'UPVOTE', DEFAULT, 5),
(1977, 99, 'DOWNVOTE', DEFAULT, 5),
(1978, 99, 'UPVOTE', DEFAULT, 5),
(1979, 99, 'DOWNVOTE', DEFAULT, 2),
(1980, 99, 'DOWNVOTE', DEFAULT, 4),
(1981, 100, 'DOWNVOTE', DEFAULT, 2),
(1982, 100, 'DOWNVOTE', DEFAULT, 4),
(1983, 100, 'UPVOTE', DEFAULT, 4),
(1984, 100, 'DOWNVOTE', DEFAULT, 4),
(1985, 100, 'DOWNVOTE', DEFAULT, 5),
(1986, 100, 'UPVOTE', DEFAULT, 4),
(1987, 100, 'UPVOTE', DEFAULT, 3),
(1988, 100, 'DOWNVOTE', DEFAULT, 2),
(1989, 100, 'UPVOTE', DEFAULT, 3),
(1990, 100, 'DOWNVOTE', DEFAULT, 1),
(1991, 100, 'DOWNVOTE', DEFAULT, 1),
(1992, 100, 'DOWNVOTE', DEFAULT, 5),
(1993, 100, 'DOWNVOTE', DEFAULT, 4),
(1994, 100, 'UPVOTE', DEFAULT, 4),
(1995, 100, 'DOWNVOTE', DEFAULT, 5),
(1996, 100, 'UPVOTE', DEFAULT, 1),
(1997, 100, 'DOWNVOTE', DEFAULT, 3),
(1998, 100, 'UPVOTE', DEFAULT, 1),
(1999, 100, 'DOWNVOTE', DEFAULT, 3),
(2000, 100, 'UPVOTE', DEFAULT, 1);
