INSERT INTO public."user" (id,name,email,password,created_at) VALUES
(1, 'Christine_Reichert91688', 'Ludwig_Boehm74342@negligible-trigonometry.name', 'v2xI3*Vvu76^Cu', DEFAULT),
(2, 'coordinated-dawn31443', 'Carlee.Sporer57203@encroach-boulevard.net', 'ZU[jZ6[zaBr{pO', DEFAULT),
(3, 'virtuous-bracelet20762', 'Christelle_Russel37398@symptomize-chop.com', '3JFxcOlXQf&7', DEFAULT),
(4, 'potable_revascularisation74696', 'Annamarie.Thompson97260@ignorantretrospectivity.org', '{BnotFz@otqopY', DEFAULT),
(5, 'Belle.Crist56287', 'Vivianne_Mann66899@latedoughnut.name', 'mn6a$j4F%SiD', DEFAULT);
INSERT INTO public.todo (id,text,completed,created_at,created_by_id) VALUES 
(1, 'Primum posse delecto manus dici vitae, iam facere ipsa doloria inum.', DEFAULT, DEFAULT, 4),
(2, 'Non industria etiam sole contum et vos, et maximus voluptatis inimus ano.', DEFAULT, DEFAULT, 2),
(3, 'Studium tam ermiseret mune quibus se censes rationest.', DEFAULT, DEFAULT, 1),
(4, 'Modo incidere epicurrer de dissidendar eret enimi.', DEFAULT, DEFAULT, 3),
(5, 'Am detractio sapientera sic apsa ea arum, vincerte gauderata nutu maximi aliquid in dem.', DEFAULT, DEFAULT, 5),
(6, 'Gloriae maxim hoc gloriosum ab sapienum dolora, tribus laetitatem ut videm suscipitus sed.', DEFAULT, DEFAULT, 5),
(7, 'Autem ob iudicare nihiliquam quid motum alis, tur eratem non civium et dicitargum.', DEFAULT, DEFAULT, 3),
(8, 'Docti puerilit dolorum enderepic fuisse id extremo id.', DEFAULT, DEFAULT, 5),
(9, 'Vidis minime perdissermon labores in delecta, quod ear haec video si quisquisquam.', DEFAULT, DEFAULT, 5),
(10, 'Tu profecta est tibus ad, et soleat est progredeamus es poenis mihi.', DEFAULT, DEFAULT, 4),
(11, 'Multa est quod flagitatur accusatem nasci am cernandum, quidem latum cyrenaicis ant sint non nisi aetatque.', DEFAULT, DEFAULT, 1),
(12, 'Eius tam fere ari alii es mirer, doloribus cum si atibus discorpore.', DEFAULT, DEFAULT, 2),
(13, 'Viverea voluptate eaque dolordation consuetudo, status vituptatis nec solum quantum rem perpetenim malum.', DEFAULT, DEFAULT, 5),
(14, 'Vestigantiq naturo his effuga ficitaque autem, ultimo modo parendus declina efficiliae sine.', DEFAULT, DEFAULT, 4),
(15, 'Quid in poetis facerigit a non platonem quos, ocensa hinc ea omnem esse nec et voluptatem.', DEFAULT, DEFAULT, 3),
(16, 'Quem dicam praesenimum afferrent si sic, conceditem confortunae esse postulitat concedundum voluptatem motus et.', DEFAULT, DEFAULT, 4),
(17, 'Causa se tuentur vare ter, et quis videm amus operitat qui potit.', DEFAULT, DEFAULT, 4),
(18, 'Quidem torum ea aliquo extremo.', DEFAULT, DEFAULT, 3),
(19, 'Modum sapiendum regione maximbutus quae per time, gloriosum laborare enim de orios vetuit.', DEFAULT, DEFAULT, 2),
(20, 'Ant metum quae in eximosop bonornatur esse dicere, natum voluptatum plurim democritum ea sophoc dolor nihilla.', DEFAULT, DEFAULT, 1);
INSERT INTO public.vote (id,todo_id,value,created_at,created_by_id) VALUES 
(1, 1, 'DOWNVOTE', DEFAULT, 4),
(2, 1, 'DOWNVOTE', DEFAULT, 3),
(3, 1, 'UPVOTE', DEFAULT, 2),
(4, 1, 'DOWNVOTE', DEFAULT, 3),
(5, 1, 'DOWNVOTE', DEFAULT, 5),
(6, 2, 'UPVOTE', DEFAULT, 5),
(7, 2, 'UPVOTE', DEFAULT, 3),
(8, 2, 'DOWNVOTE', DEFAULT, 5),
(9, 2, 'UPVOTE', DEFAULT, 1),
(10, 2, 'DOWNVOTE', DEFAULT, 5),
(11, 3, 'UPVOTE', DEFAULT, 5),
(12, 3, 'UPVOTE', DEFAULT, 5),
(13, 3, 'DOWNVOTE', DEFAULT, 4),
(14, 3, 'DOWNVOTE', DEFAULT, 1),
(15, 3, 'UPVOTE', DEFAULT, 4),
(16, 4, 'UPVOTE', DEFAULT, 2),
(17, 4, 'DOWNVOTE', DEFAULT, 5),
(18, 4, 'UPVOTE', DEFAULT, 2),
(19, 4, 'UPVOTE', DEFAULT, 3),
(20, 4, 'DOWNVOTE', DEFAULT, 4),
(21, 5, 'UPVOTE', DEFAULT, 3),
(22, 5, 'UPVOTE', DEFAULT, 5),
(23, 5, 'UPVOTE', DEFAULT, 2),
(24, 5, 'DOWNVOTE', DEFAULT, 5),
(25, 5, 'DOWNVOTE', DEFAULT, 3),
(26, 6, 'UPVOTE', DEFAULT, 2),
(27, 6, 'UPVOTE', DEFAULT, 1),
(28, 6, 'DOWNVOTE', DEFAULT, 2),
(29, 6, 'DOWNVOTE', DEFAULT, 2),
(30, 6, 'UPVOTE', DEFAULT, 5),
(31, 7, 'DOWNVOTE', DEFAULT, 5),
(32, 7, 'UPVOTE', DEFAULT, 3),
(33, 7, 'UPVOTE', DEFAULT, 5),
(34, 7, 'UPVOTE', DEFAULT, 5),
(35, 7, 'DOWNVOTE', DEFAULT, 5),
(36, 8, 'UPVOTE', DEFAULT, 1),
(37, 8, 'DOWNVOTE', DEFAULT, 2),
(38, 8, 'DOWNVOTE', DEFAULT, 1),
(39, 8, 'DOWNVOTE', DEFAULT, 2),
(40, 8, 'UPVOTE', DEFAULT, 5),
(41, 9, 'DOWNVOTE', DEFAULT, 5),
(42, 9, 'DOWNVOTE', DEFAULT, 2),
(43, 9, 'DOWNVOTE', DEFAULT, 1),
(44, 9, 'DOWNVOTE', DEFAULT, 1),
(45, 9, 'UPVOTE', DEFAULT, 4),
(46, 10, 'UPVOTE', DEFAULT, 1),
(47, 10, 'UPVOTE', DEFAULT, 1),
(48, 10, 'UPVOTE', DEFAULT, 3),
(49, 10, 'DOWNVOTE', DEFAULT, 5),
(50, 10, 'DOWNVOTE', DEFAULT, 4),
(51, 11, 'UPVOTE', DEFAULT, 1),
(52, 11, 'DOWNVOTE', DEFAULT, 1),
(53, 11, 'DOWNVOTE', DEFAULT, 1),
(54, 11, 'DOWNVOTE', DEFAULT, 2),
(55, 11, 'UPVOTE', DEFAULT, 1),
(56, 12, 'DOWNVOTE', DEFAULT, 3),
(57, 12, 'DOWNVOTE', DEFAULT, 5),
(58, 12, 'UPVOTE', DEFAULT, 2),
(59, 12, 'UPVOTE', DEFAULT, 1),
(60, 12, 'UPVOTE', DEFAULT, 5),
(61, 13, 'UPVOTE', DEFAULT, 3),
(62, 13, 'DOWNVOTE', DEFAULT, 5),
(63, 13, 'UPVOTE', DEFAULT, 2),
(64, 13, 'UPVOTE', DEFAULT, 2),
(65, 13, 'DOWNVOTE', DEFAULT, 1),
(66, 14, 'UPVOTE', DEFAULT, 1),
(67, 14, 'DOWNVOTE', DEFAULT, 2),
(68, 14, 'UPVOTE', DEFAULT, 3),
(69, 14, 'DOWNVOTE', DEFAULT, 5),
(70, 14, 'DOWNVOTE', DEFAULT, 5),
(71, 15, 'UPVOTE', DEFAULT, 1),
(72, 15, 'UPVOTE', DEFAULT, 2),
(73, 15, 'DOWNVOTE', DEFAULT, 5),
(74, 15, 'UPVOTE', DEFAULT, 4),
(75, 15, 'DOWNVOTE', DEFAULT, 1),
(76, 16, 'UPVOTE', DEFAULT, 3),
(77, 16, 'DOWNVOTE', DEFAULT, 4),
(78, 16, 'DOWNVOTE', DEFAULT, 1),
(79, 16, 'DOWNVOTE', DEFAULT, 1),
(80, 16, 'DOWNVOTE', DEFAULT, 4),
(81, 17, 'DOWNVOTE', DEFAULT, 2),
(82, 17, 'DOWNVOTE', DEFAULT, 2),
(83, 17, 'DOWNVOTE', DEFAULT, 4),
(84, 17, 'UPVOTE', DEFAULT, 4),
(85, 17, 'UPVOTE', DEFAULT, 3),
(86, 18, 'DOWNVOTE', DEFAULT, 1),
(87, 18, 'DOWNVOTE', DEFAULT, 5),
(88, 18, 'UPVOTE', DEFAULT, 1),
(89, 18, 'DOWNVOTE', DEFAULT, 2),
(90, 18, 'DOWNVOTE', DEFAULT, 5),
(91, 19, 'UPVOTE', DEFAULT, 4),
(92, 19, 'DOWNVOTE', DEFAULT, 2),
(93, 19, 'DOWNVOTE', DEFAULT, 3),
(94, 19, 'UPVOTE', DEFAULT, 1),
(95, 19, 'UPVOTE', DEFAULT, 4),
(96, 20, 'UPVOTE', DEFAULT, 4),
(97, 20, 'DOWNVOTE', DEFAULT, 1),
(98, 20, 'UPVOTE', DEFAULT, 4),
(99, 20, 'UPVOTE', DEFAULT, 5),
(100, 20, 'DOWNVOTE', DEFAULT, 3);
